dim_1,dim_2,dim_3,class_name,split
0.2159581,0.42964697,0.37578398,alicate_corte,train
-2.8857794,0.44507924,0.27644563,alicate_corte,test
0.54740816,0.43941978,-2.174989,alicate_corte,train
-0.25233456,-0.20469573,-0.53856504,alicate_corte,train
2.980981,0.53982735,0.921783,alicate_corte,val
-2.1856916,-0.8934919,-1.4596334,alicate_corte,train
0.74057955,-0.22621816,0.19940819,alicate_corte,train
-0.15076815,-0.66026384,0.60620695,alicate_corte,train
1.0946316,0.1480944,0.48636577,alicate_corte,val
-0.44448367,-0.843838,0.159533,alicate_corte,train
0.31109846,-0.30809784,1.3429767,alicate_corte,train
-0.53242975,-0.10981828,-0.44836944,alicate_corte,train
-0.83034945,1.3625757,-0.23811784,alicate_corte,val
1.3425034,2.1931076,4.9248223,alicate_corte,val
-3.4858747,2.6448905,-1.9152893,alicate_corte,test
0.21919367,0.7204069,0.078162424,alicate_corte,train
-0.15818803,-0.72025764,0.40384212,alicate_corte,train
-0.69713736,-1.3386463,0.4052554,alicate_corte,train
-0.97481793,1.5187216,-1.837443,alicate_corte,train
-0.8283658,0.788409,-1.0548712,alicate_corte,val
-2.9770472,-0.50455064,0.3548365,alicate_corte,test
0.32244834,-0.39707682,0.31099233,alicate_corte,test
-2.7139776,2.3307767,-2.9001493,alicate_corte,train
0.16655727,0.9492485,0.3443805,alicate_corte,train
-2.3187299,-1.451342,-2.3233151,alicate_corte,val
0.8731878,-1.243979,1.6746104,alicate_corte,train
-0.79753983,-0.18803616,-0.012771655,alicate_corte,train
-1.0090772,1.2118795,0.15483122,alicate_corte,train
-0.52270216,0.15013647,0.15264438,alicate_corte,train
0.19595139,-0.0062134867,0.14474247,alicate_corte,train
-3.161469,1.6016105,-1.2059612,alicate_corte,train
-0.11433531,0.09417688,1.2856156,alicate_corte,train
-1.0866258,0.17988868,0.7646375,alicate_corte,train
0.46276963,0.8508689,0.36405927,alicate_corte,train
-2.713834,-0.012384065,-1.4636412,alicate_corte,train
0.1984062,1.5902401,-2.3325894,alicate_corte,val
0.027322216,0.282879,-0.5281245,alicate_corte,train
-2.0680041,1.9877086,-1.7985188,alicate_corte,test
-1.6852086,2.1918232,-1.1602807,alicate_corte,train
-0.2783588,-0.40893725,1.0104289,alicate_corte,train
-0.20074733,-0.89111274,-0.07384343,alicate_corte,train
0.20929994,-0.4807789,-0.41502157,alicate_corte,train
-2.152577,0.34868798,-1.9560596,alicate_corte,train
-0.81836325,0.106000796,-1.0933067,alicate_corte,train
0.3847587,-1.0299386,-0.20599216,alicate_corte,train
0.33781406,0.26993012,0.61561066,alicate_corte,val
0.451052,1.0094644,1.259887,alicate_corte,train
0.22342543,-0.7340411,0.29615846,alicate_corte,train
-0.039527,0.817391,-1.4022104,alicate_corte,test
0.63883287,-0.17690548,-0.1137381,alicate_corte,train
3.3588383,-1.7787521,-2.3535297,alicate_corte,val
2.2096372,-1.5214511,-1.2102457,alicate_corte,train
1.6405563,-3.367542,-1.7225705,alicate_corte,test
-1.5936741,-1.7823838,0.18697345,alicate_corte,train
-0.32954404,0.28967696,0.18768735,alicate_corte,train
-0.61115235,0.22057517,-0.26308218,alicate_corte,train
-3.1024797,2.4521775,-2.1606736,alicate_corte,val
-0.26620534,-0.76162004,0.2972763,alicate_corte,test
-3.0052445,2.8542893,-2.3373733,alicate_corte,test
-0.50446,1.7491298,-0.524343,alicate_corte,train
0.103333205,-0.83833945,-0.15328978,alicate_corte,val
-0.0630492,1.172142,1.0769712,alicate_corte,train
-2.2565107,-0.20116988,-1.0686576,alicate_corte,train
1.3937243,-0.4623099,1.3618349,alicate_corte,train
0.60202855,1.8256173,-0.32149476,alicate_corte,train
-0.37630194,0.43487775,-1.5493037,alicate_corte,train
0.2945824,0.6396446,0.055417664,alicate_corte,train
-0.5853291,0.97931325,-1.559721,alicate_corte,train
0.30653492,0.1845619,-0.07264416,alicate_corte,train
-1.0729042,1.6047305,-2.3262951,alicate_corte,train
1.9011548,-0.5836992,-0.05131148,alicate_corte,train
2.0931993,1.042507,1.2420826,alicate_corte,test
1.7905337,0.869623,1.1336439,alicate_corte,train
-0.722639,-0.19027133,0.9085963,alicate_corte,train
-0.31318343,1.8219236,-1.1686728,alicate_corte,test
-0.32736018,1.5139222,-0.22302444,alicate_corte,train
-1.6048876,-0.9411694,-2.131976,alicate_corte,train
-0.268242,0.1649053,0.834783,alicate_corte,train
0.17732319,0.19850989,0.46413139,alicate_corte,train
0.45911768,1.3271574,-0.03650239,alicate_corte,train
-0.12492639,1.1950814,0.82299507,alicate_corte,train
0.034994848,-0.30476776,-0.71902734,alicate_corte,train
0.6273717,0.18230914,0.72318226,alicate_corte,train
-0.830689,-0.8884174,-0.4814798,alicate_corte,train
0.28964186,-0.0019264157,0.9160169,alicate_corte,train
0.47220758,0.016061915,0.94550115,alicate_corte,train
-1.6398534,2.951185,-0.8737103,alicate_corte,val
0.26775074,-0.27787316,0.5783589,alicate_corte,test
-2.4852633,4.043672,-1.4765837,alicate_corte,test
-2.6667995,4.00278,-2.0596747,alicate_corte,val
-1.2806004,0.65967757,-2.2747805,alicate_corte,train
0.6696537,-0.31294426,0.29125434,alicate_corte,train
-0.765638,-0.13967295,0.7348269,alicate_corte,test
-0.14385621,-1.2459761,0.7537161,alicate_corte,train
0.6718049,-0.45656618,-0.39883542,alicate_corte,train
-0.9729514,0.8218798,-0.031085093,alicate_corte,train
-0.20189892,0.06897715,-0.0764883,alicate_corte,train
2.0957274,0.8353463,0.14631271,alicate_corte,train
-0.71728677,-0.17423323,-1.9631917,alicate_corte,train
-0.68538976,-0.91476303,-4.221743,alicate_corte,test
0.99513376,0.22053221,0.51929206,alicate_corte,train
-1.0305127,1.3059207,-2.0130568,alicate_corte,train
-0.9372709,1.1840976,-2.4903812,alicate_corte,test
0.31649485,0.12888531,0.62406534,alicate_corte,test
-0.72268355,-0.071379654,0.353906,alicate_corte,train
1.3546809,1.5122235,-0.20658587,alicate_corte,train
1.342559,1.4953983,-0.19671547,alicate_corte,test
0.9059662,0.299644,-0.7580951,alicate_corte,train
-1.693182,-0.18556881,-0.5320586,alicate_corte,val
2.46449,0.54750663,0.3735874,alicate_corte,train
0.37053123,0.5279846,-0.42170328,alicate_corte,train
-0.5855976,-0.39155114,-0.50382394,alicate_corte,train
0.47013715,0.059090808,0.85006446,alicate_corte,train
0.06034258,-0.036227714,0.2697818,alicate_corte,train
-2.8053465,2.8341064,-2.4433796,alicate_corte,train
0.60884434,1.4806403,0.32353058,alicate_corte,train
1.6526153,-1.8259908,0.9751891,alicate_corte,test
1.6554992,-0.078540735,-0.076934695,alicate_corte,val
1.7119007,-1.6138496,0.8499239,alicate_corte,train
1.1307148,4.354176,11.468576,alicate_corte,train
0.86992884,5.069625,9.608655,alicate_corte,val
1.1554205,4.5965233,11.060777,alicate_corte,test
-1.4524398,-0.072585724,1.0047117,alicate_corte,train
0.47811353,0.0052770576,0.6535782,alicate_corte,train
-0.80104756,0.7455857,0.58818424,alicate_corte,train
-0.52159745,0.29974893,-1.4080447,alicate_corte,train
-0.13752702,-0.07598978,0.29943308,alicate_corte,train
-2.8976707,-0.6202155,-0.5224716,alicate_corte,train
0.3528668,-0.92371595,0.42496476,alicate_corte,val
2.978295,2.9854443,5.6787934,alicate_corte,test
3.316258,5.25231,2.270393,alicate_corte,test
-0.8830413,0.949455,1.2975963,alicate_corte,train
0.3603536,0.24281973,0.5664157,alicate_corte,train
0.038976286,-0.41881886,-0.058204234,alicate_corte,train
1.795645,1.0165766,-0.35308477,alicate_corte,train
0.34309065,1.6247071,-0.90475315,alicate_corte,train
0.05474774,0.3413783,-0.32060075,alicate_corte,train
0.2510955,0.023810323,0.75767416,alicate_corte,train
1.7963516,0.92379767,-0.35752425,alicate_corte,train
0.08710531,-0.1028361,-0.862689,alicate_corte,val
0.060313847,0.47572225,0.43640783,alicate_corte,train
0.32155323,-0.48964003,0.3458035,alicate_corte,val
0.5750525,0.5137487,0.9971676,alicate_corte,train
-1.4299294,0.332479,-0.95498693,alicate_corte,train
0.53526694,1.2532387,-1.1778996,alicate_corte,train
-1.2452624,-0.27741763,1.410649,alicate_corte,train
1.1000344,-2.4007227,-2.1222084,alicate_corte,val
-1.6447299,0.4447111,0.593558,alicate_corte,val
-2.611432,1.1372483,-0.7545735,alicate_corte,train
-11.020544,-0.22468723,2.5294967,alicate_corte,test
-0.5245253,-0.3857433,-0.17456228,alicate_corte,train
0.05257769,0.6466478,-0.16743335,alicate_corte,test
1.0129113,0.32349762,0.46972114,alicate_corte,train
0.2773424,-1.745042,0.88486755,alicate_corte,val
0.15277615,0.49010012,-0.0970521,alicate_corte,train
0.9838905,-0.78545254,2.3788223,alicate_corte,val
1.5197619,1.799279,1.5542427,alicate_corte,train
1.8088704,0.6264082,2.310383,alicate_corte,test
0.11435668,0.22531833,-0.93901056,alicate_corte,train
0.17880909,0.30781153,0.96877456,alicate_corte,train
-0.40486196,-1.309773,-1.0432417,alicate_corte,test
-3.0312927,2.6820583,-4.9198585,alicate_corte,val
-0.042638898,0.40835273,0.55887413,alicate_corte,train
-1.6015809,-2.0461907,0.8902559,alicate_corte,train
0.122989625,-0.8087005,1.6874424,alicate_corte,train
0.6015909,-2.2843637,0.3129783,alicate_corte,val
-1.0932049,0.4788484,-0.019121772,alicate_corte,train
0.25597703,-0.84231895,0.34149656,alicate_corte,train
-0.03494869,0.048628546,-0.036441587,alicate_corte,train
-3.7303524,0.5143528,-5.856874,alicate_corte,test
0.123728506,0.28266108,1.2300924,alicate_corte,train
-1.6931397,0.69437367,-3.5774336,alicate_corte,val
-0.953705,-0.53587735,0.20357268,alicate_corte,train
-0.3212013,-0.1693621,0.73098505,alicate_corte,train
1.0109546,0.10282396,0.21987185,alicate_corte,train
1.4429431,-0.44977304,0.52756894,alicate_corte,train
-1.0279616,-0.41400722,0.014674945,alicate_corte,train
-0.50299275,0.2736178,0.78151333,alicate_corte,train
-1.2495775,0.42026335,1.4039826,alicate_corte,train
-0.38363403,-0.38095948,-2.7995563,alicate_corte,test
0.5645605,0.30011824,-0.34303904,alicate_corte,train
-0.11465644,0.27995583,2.4691114,alicate_corte,train
-1.6740143,0.049503293,-0.36048028,alicate_corte,train
1.5142766,0.43379623,-2.200411,alicate_corte,train
0.12584639,0.17975342,0.99557966,alicate_corte,train
-0.093706034,0.056202367,-1.143909,alicate_corte,val
-2.491413,-0.87843275,0.90220875,alicate_corte,train
-0.40265805,0.29709494,1.0432483,alicate_corte,train
-2.591249,-5.3970456,1.5406133,alicate_corte,test
1.7720932,-2.0919447,-1.0492791,alicate_corte,val
-0.5453297,-1.327524,0.74427736,alicate_corte,train
0.98240966,0.1259629,-1.2765969,alicate_corte,val
1.5514108,-1.8272232,0.17877813,alicate_corte,train
-0.51278627,-0.30879304,-0.31323472,alicate_corte,train
0.28790691,-1.1219306,-0.14619645,alicate_corte,train
-0.9051482,-0.8205774,-1.8638211,alicate_corte,train
-1.3496401,-0.7927481,-0.47520736,alicate_corte,test
-1.169771,0.5478862,-0.5108614,alicate_corte,train
-0.7263624,0.032278184,0.2993373,alicate_corte,train
0.9956432,-0.16792464,0.7277181,alicate_corte,train
-3.1383438,-0.6899507,-4.3370094,alicate_corte,test
-0.41332752,-0.54173446,0.22937158,alicate_corte,train
0.09602886,-0.81471163,1.0611165,alicate_corte,train
-1.2536716,0.28175756,-0.9829826,alicate_corte,train
0.6297865,-0.72901404,1.1555965,alicate_corte,train
0.022054885,-0.06860661,0.2420429,alicate_corte,val
-1.5765115,0.17971696,0.0059088403,alicate_corte,val
-0.21797986,-0.98549867,0.68668544,calibrador,train
0.7139544,0.46464166,-0.83105844,calibrador,train
-0.62167275,-0.431993,0.9551678,calibrador,test
-0.086504884,0.46017995,0.2622815,calibrador,train
-0.18809934,-0.078268126,0.65457046,calibrador,train
-0.039884575,-0.070380114,0.2360966,calibrador,train
0.48311266,0.36660144,-0.2351047,calibrador,train
0.30646652,-0.05049717,-0.81347495,calibrador,val
0.24182357,-0.65005547,0.98008996,calibrador,val
0.14143117,0.1007767,0.3139321,calibrador,train
0.17333384,-0.04214368,0.2747144,calibrador,train
-1.1406862,-0.49970785,-0.36361167,calibrador,train
2.6360645,0.5886536,-0.03822098,calibrador,train
0.26359886,0.3475356,0.79206675,calibrador,train
-0.6588223,1.2532725,0.496252,calibrador,train
0.1317545,0.31355044,0.00521963,calibrador,train
-0.6350658,-0.10528913,-0.6730373,calibrador,train
-0.08026557,0.5450366,-0.42066133,calibrador,train
-0.038824555,0.22603853,-0.6567554,calibrador,train
-1.1480974,-2.1919727,-1.7614338,calibrador,train
-0.400536,-0.17848907,2.672553,calibrador,val
-0.4759101,-0.0058242693,-0.61894745,calibrador,train
-0.5877855,-0.49375814,0.79743063,calibrador,train
0.74419653,0.10889115,-0.06282885,calibrador,test
0.35308027,0.1459633,0.24269563,calibrador,train
0.12184537,0.19022922,0.2052795,calibrador,train
-0.7166053,-0.33909485,0.02399343,calibrador,train
-0.6691709,-0.24903835,0.07892099,calibrador,train
-1.2071172,-0.291346,0.2478381,calibrador,val
-1.0907102,-0.41864476,0.3495941,calibrador,train
2.342111,2.433444,-1.284838,calibrador,train
-1.285436,-1.3140796,-0.50912327,calibrador,val
2.5809412,0.6947763,0.2981144,calibrador,val
1.1402928,-0.07313062,0.31454834,calibrador,train
0.7823655,-0.009687721,1.131546,calibrador,train
-0.060607843,0.8446441,-0.92295825,calibrador,train
0.19393843,-0.19558354,0.61193097,calibrador,train
0.3302048,-0.42338124,-0.9079137,calibrador,test
0.2989121,-1.1870828,-0.2722217,calibrador,val
0.5157776,-0.8520205,-0.4759697,calibrador,train
0.15077716,-0.2387683,-0.10717346,calibrador,train
0.0031928546,-0.3392821,-0.2672775,calibrador,train
-0.016325574,-0.04778748,0.6497396,calibrador,train
-0.13141438,-0.35919595,0.69900376,calibrador,train
0.448247,0.17740269,0.99960595,calibrador,train
0.2060717,0.45383373,0.121806026,calibrador,train
1.058269,-0.23225303,1.5644555,calibrador,train
-0.25600755,0.97325194,-0.56675035,calibrador,train
0.5662177,0.9110997,0.8666227,calibrador,val
1.2812117,-0.9725147,-1.4143968,calibrador,train
-0.1841623,-0.13515887,2.8661342,calibrador,train
0.48998618,1.3158373,-0.17950895,calibrador,train
-0.6592855,-0.6223158,0.12680691,calibrador,train
1.1526386,0.045251984,-0.86445576,calibrador,train
-0.34703928,0.66228014,-0.3939954,calibrador,train
-0.32472017,0.6960044,1.229325,calibrador,train
-0.34149873,-0.28755793,-0.21562901,calibrador,train
0.3321073,-0.5879019,0.52728915,calibrador,train
0.6903315,0.8525327,-0.11170257,calibrador,val
0.034449592,-0.13960311,0.05330295,calibrador,train
0.7566182,0.062913254,0.4351261,calibrador,train
-1.308613,-1.8460584,-0.7743279,calibrador,train
1.2909834,0.15772998,-0.14134465,calibrador,train
-0.9244043,-0.80583656,0.43202037,calibrador,train
0.36560524,-0.16467309,-1.1305628,calibrador,train
-1.1476725,-0.12345883,-0.94128406,calibrador,val
-0.5297745,-0.42549723,0.81876606,calibrador,train
-0.9257619,1.2044988,-0.3163734,calibrador,test
-1.181361,-0.3815853,0.6179777,calibrador,test
0.8625756,0.42103636,0.14342622,calibrador,test
0.8906337,0.39156067,0.22664733,calibrador,train
-0.008166755,0.7148202,-1.071537,calibrador,train
-1.0753468,1.3777236,1.7681469,calibrador,val
-1.1624095,-0.08944777,-0.7991033,calibrador,train
-1.6085277,-0.18543798,-0.6312371,calibrador,val
-0.93116564,-0.7689378,-0.19894372,calibrador,train
-0.35747918,-0.034193564,-0.4016988,calibrador,train
-0.59662265,-0.09810126,-0.45772296,calibrador,train
0.23788777,1.165701,0.43062362,calibrador,train
-0.0514496,-0.7264767,0.7346693,calibrador,train
-0.0101276925,0.7436988,1.4972649,calibrador,train
0.3677289,-0.69996375,0.7698378,calibrador,val
-0.64259547,-0.10735452,0.18348622,calibrador,train
-1.0378923,1.0247478,0.14242165,calibrador,train
0.41017237,-0.9248781,0.63064057,calibrador,train
-0.663293,-0.42917764,-0.23814692,calibrador,train
0.6873696,-0.5838584,-0.399382,calibrador,train
0.09683379,-0.074442305,-0.14189659,calibrador,train
0.21727376,0.2603597,0.21374257,calibrador,train
-0.6892276,0.038044907,-0.16366474,calibrador,test
0.1274863,0.034962837,-0.051821765,calibrador,train
0.30013806,-0.054029167,0.6965912,calibrador,train
-1.0510327,-0.65174204,0.4547904,calibrador,test
2.8477201,0.24350451,1.5829147,calibrador,val
-1.7415004,-0.0027870398,-0.72102123,calibrador,train
-1.2187182,-3.107266,-0.52743405,calibrador,test
2.0451834,2.0946033,-0.39855996,calibrador,test
2.1246371,2.0445204,-1.0739107,calibrador,test
-0.2715274,0.861631,1.3006094,calibrador,train
0.7655096,-0.53693974,1.1568456,calibrador,train
0.37500426,1.0626291,1.3736705,calibrador,train
-0.517299,-0.4428386,1.6546534,calibrador,val
0.93149215,0.27477357,1.2217867,calibrador,train
0.20808251,0.9803358,-0.37191233,calibrador,train
1.4520494,-0.11473585,1.1278667,calibrador,train
-0.66959643,-0.8666871,1.7529173,calibrador,train
0.60134107,-0.33546245,2.1663623,calibrador,train
-0.23580109,1.3028578,-0.8309345,calibrador,train
0.9989713,-0.009698464,-1.7576845,calibrador,train
0.7191257,-0.030513003,0.5650496,calibrador,train
0.7463219,-1.0473143,1.4542028,calibrador,val
-0.0056008487,-0.03683608,0.23012926,calibrador,train
1.3687892,0.1424343,0.19191743,calibrador,val
-0.35522088,0.017705878,0.52317774,calibrador,train
-0.2367439,0.0052580284,0.43249413,calibrador,train
-0.40443236,1.4592566,0.57767504,calibrador,test
0.5980555,-0.47418568,0.5044018,calibrador,train
0.49810135,0.14509022,0.06638711,calibrador,train
0.42507285,0.07942197,-0.27683073,calibrador,train
0.16381763,0.19967572,-0.44827968,calibrador,train
1.2462696,0.88121754,1.2046559,calibrador,train
0.026597762,1.4971724,0.5466359,calibrador,train
0.04498046,1.1201149,0.7823245,calibrador,test
0.015844347,1.1706738,0.66320294,calibrador,test
1.083088,-0.9497394,1.5439034,calibrador,train
-1.0865151,0.0690459,0.85787165,calibrador,train
0.240145,-0.38875553,1.1905209,calibrador,train
0.62661564,0.39196914,-0.029964447,calibrador,train
3.6771467,2.3528807,-1.6825962,calibrador,train
3.8030088,1.820236,-1.8675112,calibrador,val
-0.84709096,-0.64541715,0.5772084,calibrador,train
-0.7080149,0.24868089,-0.28948107,calibrador,train
-0.06630727,-1.4855043,2.175897,calibrador,val
-1.567338,0.48210388,0.23016186,calibrador,val
0.8724362,0.098048285,-1.1322697,calibrador,train
1.0842626,-0.13827443,0.7271525,calibrador,val
1.1242106,-0.4051587,0.5462999,calibrador,train
0.88139135,0.11244982,0.29154417,calibrador,val
1.4742906,-0.14706106,-0.9140288,calibrador,test
1.3257164,0.081896424,-0.8307561,calibrador,train
1.0805564,-1.4977167,-1.4803544,calibrador,train
-0.2671739,-1.3489896,0.1737526,calibrador,train
0.3341525,-0.69673604,0.6564095,calibrador,val
0.0068916082,-0.27993932,0.32077348,calibrador,test
0.3247269,0.53486186,-1.8848354,calibrador,test
-0.1088025,0.62373716,-2.2709634,calibrador,train
-0.005673556,0.4157714,-2.0002785,calibrador,test
0.08961004,-0.09122907,-0.07134645,calibrador,test
0.73397875,-0.6917287,0.44563767,calibrador,train
0.42088267,0.34015545,-0.07904828,calibrador,train
4.304169,-0.38051438,-5.2534995,calibrador,val
3.8381338,-1.0258054,-4.8604097,calibrador,val
0.47247356,0.9738383,0.56186223,calibrador,train
4.4254785,-0.5020266,-5.3526735,calibrador,train
2.7633882,-0.7419218,1.8860962,calibrador,train
-0.8404527,0.09903554,0.37240234,calibrador,train
-0.99781215,-0.51308864,0.16306783,calibrador,train
-1.491724,0.72020555,-0.26946786,calibrador,val
0.47170404,-1.0916973,-0.43756804,calibrador,train
-1.0309643,-0.29680455,-0.14573869,calibrador,test
-0.58130467,-0.08767095,-0.11941854,calibrador,train
0.29006153,0.13922885,0.44730666,calibrador,train
-0.2348537,0.75662357,1.2650335,calibrador,train
1.4548278,-2.054791,-0.86248785,calibrador,test
-0.44978216,-1.8685181,0.5085356,calibrador,train
1.356263,0.57063645,0.17116101,calibrador,train
-0.79848826,-0.90377593,0.18527615,calibrador,train
0.22192693,-0.32292998,-0.5827113,calibrador,train
-1.0648447,-0.16220634,-0.6310762,calibrador,train
1.0620414,-0.1992724,-0.672856,calibrador,val
1.123128,-0.44602755,-0.82727474,calibrador,val
0.4456347,-1.2136753,0.5569693,calibrador,test
0.5069485,0.3007583,1.1725602,calibrador,train
-0.16060169,-0.45764485,-0.02610593,calibrador,train
-0.10490653,1.8329297,0.9664365,calibrador,train
-0.62424123,-0.3239693,0.0563021,calibrador,train
-0.54271585,-0.33300287,0.13406383,calibrador,train
-0.72090936,-0.16842663,0.28325734,calibrador,train
-0.50182796,0.2517657,-0.56235135,calibrador,train
0.24858868,0.03654216,0.7712562,calibrador,train
-0.3269485,-1.0226485,0.3649913,calibrador,train
1.662733,0.0053985887,-0.6328488,calibrador,train
1.6797452,0.025412168,-0.5379088,calibrador,test
-0.2122304,-1.2097293,0.38584438,calibrador,test
-0.42652828,0.73065877,0.6389512,calibrador,train
-0.33797067,-1.0865579,1.3141452,calibrador,val
3.017186,-1.0896081,1.7259626,calibrador,test
0.41135165,-1.3344028,2.623752,calibrador,test
1.3179659,-0.2381513,0.8232499,calibrador,val
1.1872542,0.7182856,-1.056208,calibrador,train
0.9485435,0.9123869,-0.5553461,calibrador,test
-1.1702486,0.19377019,1.3878143,calibrador,train
-0.37772137,-1.9775769,1.5645993,calibrador,train
2.0250854,1.3626326,0.5857222,calibrador,train
2.8275146,1.1420172,-1.6212068,calibrador,test
-0.6345884,-1.5157534,-1.7362794,calibrador,train
-1.2241682,0.7744104,0.8083799,calibrador,train
-1.4100256,-0.9807622,-0.59155124,calibrador,test
-0.026627352,0.4693355,-0.9944233,calibrador,train
0.65648305,0.06910128,-0.36998808,calibrador,train
0.3783536,-0.5680061,-0.051720437,calibrador,train
0.74301887,0.28500286,-0.5348535,calibrador,train
2.224579,1.1933073,-1.2156684,calibrador,test
1.3441331,0.71606207,-0.6907884,calibrador,train
0.76559454,-0.3545307,1.0029094,calibrador,train
-0.449539,-0.901708,-0.6030651,calibrador,train
2.3057995,2.9670682,-2.0467415,calibrador,val
-1.6433572,-2.5075164,1.020599,calibrador,val
0.8361401,-1.2578704,-0.33175486,calibrador,train
0.1952604,0.4785164,0.44700548,calibrador,train
-0.9308149,-1.0704415,-0.05998791,calibrador,train
-1.3228158,-0.2319401,1.4219732,calibrador,train
2.1213472,0.97771657,-0.39157858,calibrador,test
3.8894649,0.6481537,2.2052867,calibrador,test
0.44834894,-1.0773767,0.20900562,calibrador,train
0.33309957,0.52199644,0.95983887,cutter,test
-0.7025966,1.4975739,0.8884518,cutter,train
-0.4879545,-1.572193,-0.23562296,cutter,val
0.097772405,0.55996066,-0.14309826,cutter,train
-0.07805977,-0.20645106,1.8757086,cutter,val
-1.1179318,0.779748,0.66633344,cutter,train
-0.10885829,-0.075137556,0.5073271,cutter,train
0.60059524,2.1279404,-1.5175043,cutter,train
-0.35747743,-0.6349749,-0.7352015,cutter,train
0.20702778,-0.26550356,-0.74460137,cutter,val
-0.387532,0.19827695,-0.18608084,cutter,train
0.4445457,1.1907486,1.0105325,cutter,train
0.97300243,-0.11363235,1.2576767,cutter,train
-0.24395856,-1.0580441,1.0855832,cutter,val
-0.4969531,0.84436417,2.114229,cutter,train
-0.30482388,0.1945858,1.7109629,cutter,test
-0.5961322,0.97844285,0.3146724,cutter,train
0.1987925,0.15075248,0.698449,cutter,val
-0.69912213,0.74081814,0.3541609,cutter,train
-0.08183239,-0.25260508,-1.2862153,cutter,train
0.60862935,1.2714329,-0.69657505,cutter,train
-0.65678936,1.102434,0.4762757,cutter,test
-0.58172375,1.1992687,0.88068193,cutter,train
1.522398,-0.4197841,1.4898735,cutter,val
0.27896893,0.032194767,-0.14422113,cutter,train
-0.13153759,-0.1757462,1.0285116,cutter,train
-0.18481457,0.30770987,0.73578745,cutter,train
0.6465457,1.1589931,0.28728303,cutter,train
0.8492594,0.8439994,1.5433375,cutter,test
-0.49006227,0.7502219,1.6033013,cutter,train
0.45432204,-0.6728311,0.5463403,cutter,train
-0.960506,0.3140349,0.35072008,cutter,train
-0.06887108,-0.90159374,0.67698985,cutter,test
0.310787,-3.6064215,-0.19387288,cutter,test
0.70416397,-0.22005557,0.6614444,cutter,train
0.31528392,0.09359743,-0.5990647,cutter,train
0.16987965,0.3858448,0.6710122,cutter,train
0.7393331,0.42625064,0.86721945,cutter,train
-4.0578647,-1.5664792,-0.28960174,cutter,test
-1.3947937,-0.3550876,-2.0145192,cutter,train
-0.77252984,0.29183766,-0.69478726,cutter,train
1.0402973,0.35180873,1.9997785,cutter,train
-0.6223438,0.31925458,-0.7152096,cutter,train
0.13567387,-0.8432197,-1.3245138,cutter,train
-1.364178,-1.2970862,-1.5386415,cutter,train
0.4515968,0.6798975,-0.9430836,cutter,train
-1.7800609,-1.8174772,-1.0346409,cutter,test
1.3042009,-0.55102867,2.9169579,cutter,test
0.88020825,-1.1036882,3.472831,cutter,train
0.01547298,-0.59612215,1.3143951,cutter,train
-0.18600383,-0.30019975,1.0277793,cutter,train
2.073343,-0.4481026,-0.82974833,cutter,train
-0.50509524,-0.17634694,0.3597881,cutter,train
-0.523978,0.16864938,-0.5831938,cutter,train
-0.17158706,0.35329485,0.2654629,cutter,train
0.12255071,-3.7102273,1.0945561,cutter,train
-1.043393,-0.35504055,0.051052928,cutter,train
0.388835,0.029688098,-0.13598794,cutter,test
-0.06254014,0.05728274,0.065902546,cutter,train
-0.1641573,-0.5833316,-0.23696704,cutter,train
-0.22477625,-0.37476242,0.68309814,cutter,train
0.3565471,-1.6370463,0.31424505,cutter,val
1.1082549,0.6283693,-1.0823985,cutter,train
1.9319501,0.7395498,0.6341819,cutter,train
0.04694383,-1.9730879,1.3650483,cutter,train
-0.3711923,0.8902458,2.0448148,cutter,val
0.6651319,0.6100142,-0.5864555,cutter,train
-12.854003,-1.26589,-2.8164513,cutter,val
-0.3082448,-0.3539085,1.2910727,cutter,test
-0.4460982,1.3748018,-1.0494063,cutter,train
2.1778646,-0.42180145,0.3832842,cutter,val
0.2905037,-0.04800839,0.7600654,cutter,val
1.2881137,-0.4971084,2.349871,cutter,train
1.1684617,-0.48653919,2.369342,cutter,val
-0.24080463,-1.3926501,-0.35684955,cutter,train
-0.14682713,-1.333668,-0.037398733,cutter,test
0.9032458,-0.4229871,1.1185004,cutter,val
1.7400732,0.6859254,3.0175009,cutter,val
0.3812724,-0.07149145,0.75124073,cutter,train
0.070954196,0.08869164,1.394815,cutter,train
0.4139458,-0.39536223,-0.0041408204,cutter,train
0.3809554,0.62506115,0.009811062,cutter,train
-0.5452519,-1.2589543,1.0645432,cutter,train
-6.3412285,-0.9038411,-2.6040719,cutter,val
-1.0938547,-0.67054474,-0.13448745,cutter,test
-1.5598826,-0.89822733,-1.9114684,cutter,test
0.39628613,0.77892435,-0.36744907,cutter,train
-1.3789606,-3.7823555,-1.7215277,cutter,train
-0.33002752,0.4621896,2.3600929,cutter,test
-0.88895917,-0.068869084,0.12398978,cutter,val
0.44976705,1.0370376,0.025275702,cutter,val
0.94549084,-0.37690163,1.6714829,cutter,train
-0.14682949,-1.577365,0.33594313,cutter,test
-0.76884776,-0.052465785,-0.6217005,cutter,test
0.00046659645,1.032784,1.3264304,cutter,train
0.084361576,-1.1512023,1.387142,cutter,test
0.47315347,0.6113778,1.3332369,cutter,train
-1.0225763,-1.3401164,1.1398937,cutter,train
0.81248003,-0.7267831,0.36966392,cutter,train
0.7526737,0.8330938,-0.30884778,cutter,test
0.65955323,-0.0035666155,0.44084194,cutter,train
0.09353412,1.0010666,0.33865625,cutter,train
0.971245,0.4738012,0.8131053,cutter,train
-0.9942472,1.4031173,-0.52186435,cutter,train
-1.45054,-1.1785443,-1.2466657,cutter,train
-0.031750247,0.21853127,0.1296268,cutter,train
0.5385153,0.14612304,1.5147783,cutter,val
0.07529301,-0.2546578,0.46857473,cutter,train
-0.57626504,0.75781024,-0.76964396,cutter,val
1.1649288,-0.14460725,-1.1688238,cutter,train
-1.0444711,0.33783117,0.27314553,cutter,train
0.9370059,1.2241054,-1.0792582,cutter,train
-0.9346909,0.38241452,0.73172534,cutter,train
0.1851524,1.0716112,0.04102458,cutter,train
-0.03204759,0.32546633,-0.46770534,cutter,train
0.91684324,-0.66821873,0.89412224,cutter,train
-1.8873839,0.7404816,-1.328986,cutter,test
-0.32891956,-0.82326573,-0.687568,cutter,test
-0.21382803,-0.79976785,-1.8256824,cutter,train
-0.26815942,-0.8581479,-0.7847196,cutter,train
-1.1998496,-2.720078,2.33887,cutter,train
-0.9451723,-2.4807844,2.4171562,cutter,test
0.9748952,-0.7350382,0.32239717,cutter,train
0.68506473,-0.9342035,0.1393178,cutter,train
1.700311,-1.3389186,0.49487758,cutter,val
1.7453793,0.9342042,-0.90510607,cutter,test
1.7422781,0.600951,-0.1040508,cutter,train
-1.7037143,-0.17326702,-0.75311565,cutter,train
-0.21416831,-1.1173126,1.3430458,cutter,test
0.16957808,-1.4486364,1.422542,cutter,train
-1.4491239,-1.4993708,0.13708378,cutter,train
1.1470945,0.15780132,0.31076384,cutter,train
0.8020709,-0.45501333,1.8074834,cutter,train
-0.11690249,0.37254915,-0.1377219,cutter,train
-1.3257158,0.25615618,-1.8687482,cutter,val
0.6578577,-1.3495857,1.3694422,cutter,train
0.3335497,-0.046511292,0.7873668,cutter,train
-0.3410114,-0.03950506,-1.2662289,cutter,val
-0.25340247,0.3536902,-0.4242299,cutter,train
-0.61672527,1.1901381,-1.2903801,cutter,train
-1.7583209,-0.61937785,-0.47009343,cutter,train
-1.4642111,0.50902116,-0.31657094,cutter,train
0.3202132,0.034301,0.6539566,cutter,train
-0.21627705,-0.75942016,0.79252464,cutter,test
-0.42865902,0.33169132,-0.80053735,cutter,train
-0.7534376,-0.09399261,1.9043607,cutter,val
-0.71796745,-0.10209965,1.2880025,cutter,train
-0.15660673,-0.20072839,1.6745077,cutter,train
0.8642931,-0.69402844,0.087603524,cutter,train
0.035211563,-0.2503266,0.71996254,cutter,train
0.08930759,0.8831536,2.255969,cutter,train
0.23078835,0.74448407,1.9561969,cutter,train
-1.4648762,-2.7491412,-1.1840295,cutter,val
-1.1884013,-3.583388,-1.5676553,cutter,test
-0.16013783,0.30100134,-1.4684213,cutter,train
-0.39139742,0.16993383,-1.5318573,cutter,train
1.0760788,1.4311063,-0.3469817,cutter,train
0.44568986,0.03588149,0.6344626,cutter,val
0.12666272,-0.3800876,0.09258812,cutter,train
0.07541994,1.2700381,1.5588073,cutter,train
0.74331594,0.39764792,0.95625114,cutter,train
0.7939378,-0.061362203,-0.9791729,cutter,train
0.9151738,1.3869538,-0.94241303,cutter,train
0.85385096,-2.0979998,1.615102,cutter,train
0.011140677,-0.017858868,-0.32322443,cutter,train
0.22585428,0.24144514,0.31923932,cutter,train
-0.006950581,-0.024202483,-0.30170715,cutter,train
-1.3832681,0.6175017,1.0235786,cutter,train
0.43559158,-0.5209976,-2.2395906,cutter,train
0.80611014,-0.19043764,0.48970944,cutter,val
-1.588099,0.9881207,1.2911062,cutter,train
0.1000758,0.31640998,-1.1983567,cutter,train
-1.152256,-0.65484416,0.046962377,cutter,train
0.11588942,-0.42210332,0.5701068,cutter,train
0.40346068,-0.2666622,1.7551864,cutter,train
-0.052051123,0.133614,0.013693008,cutter,train
-1.4589951,-1.1989441,-1.066409,cutter,train
1.0821999,-0.17198463,0.3924384,cutter,val
-0.7721784,-1.6626005,1.705407,cutter,test
-0.0048526716,1.1579655,0.0024080784,cutter,train
0.91645306,0.55804455,1.1757569,cutter,train
2.4034753,-0.39123693,-0.99864835,cutter,train
0.2894159,0.9745937,-0.37672406,cutter,test
0.7482301,0.29979566,-1.0908579,cutter,train
0.7025366,0.94847,-1.6084572,cutter,train
0.08422622,-0.043468907,-0.5669493,cutter,train
-1.6172558,-3.1153064,-1.13028,cutter,val
-1.5284985,-3.2827966,-1.3131353,cutter,test
1.4707205,0.47735047,-1.2193502,cutter,test
0.36627647,-1.437259,0.3067467,cutter,val
0.5857012,0.09566199,-0.12977818,cutter,train
0.7625764,-0.0572571,0.70775425,cutter,val
0.40997714,-0.15822078,0.6778533,cutter,train
0.31355226,-0.6237887,-0.06275803,cutter,train
1.0620733,-0.82118493,0.16193497,cutter,train
0.412272,0.41017628,-0.4418136,cutter,train
1.3319776,0.32021186,-0.9063486,cutter,train
-1.4714143,-1.0115126,-1.3458624,cutter,train
1.3887192,-0.43001443,0.17622459,cutter,train
-0.088379204,-0.87405115,-0.5102518,cutter,train
0.19085449,0.17548396,0.71385473,cutter,train
1.6607599,2.211591,-0.8764927,destornillador_chico_plano,test
-0.5159732,-0.37548086,1.5213947,destornillador_chico_plano,train
0.35233802,1.2575135,-0.098164365,destornillador_chico_plano,val
0.446354,0.12009927,1.1901798,destornillador_chico_plano,train
-0.422029,-1.0969889,0.19534734,destornillador_chico_plano,train
0.2126336,-0.59258306,-0.07982469,destornillador_chico_plano,train
-0.8541623,-1.1892871,0.19460142,destornillador_chico_plano,train
-0.18287653,-0.8958587,0.26799813,destornillador_chico_plano,train
-0.6429449,-0.4343685,-0.22465819,destornillador_chico_plano,train
-1.5039461,-0.5307994,-0.83785224,destornillador_chico_plano,train
-0.6241635,1.49784,-0.3927413,destornillador_chico_plano,val
1.5834495,0.92787784,1.2760323,destornillador_chico_plano,train
0.92909884,0.6890742,1.0987793,destornillador_chico_plano,train
-0.41404587,0.9250355,-0.3323607,destornillador_chico_plano,test
0.88980824,-0.610507,-0.77545094,destornillador_chico_plano,train
1.4324474,0.37758532,-1.2960949,destornillador_chico_plano,train
2.2303607,-0.32005656,0.46507728,destornillador_chico_plano,train
0.23311092,2.3017209,1.9243397,destornillador_chico_plano,train
0.32014754,0.18539621,0.3166819,destornillador_chico_plano,train
-0.17324127,-0.95440876,0.07887757,destornillador_chico_plano,test
-0.6163049,-0.0015936273,0.06100449,destornillador_chico_plano,train
0.86691165,0.6781019,-0.16891555,destornillador_chico_plano,train
0.31479976,1.104724,1.43717,destornillador_chico_plano,train
-0.22233199,0.08040628,-0.651368,destornillador_chico_plano,train
0.74461114,-0.5148456,0.8453352,destornillador_chico_plano,train
0.9848753,-0.13199586,0.14340752,destornillador_chico_plano,val
0.5611472,0.22599413,-0.8739362,destornillador_chico_plano,train
0.24810718,-0.28217912,1.09108,destornillador_chico_plano,val
-0.89391786,1.4345382,-0.30399206,destornillador_chico_plano,train
1.6168131,-1.0646068,3.712951,destornillador_chico_plano,train
0.75490105,0.6926595,-0.35573575,destornillador_chico_plano,train
0.8466116,-0.11758606,0.4407226,destornillador_chico_plano,train
-0.054853167,-0.806877,0.72314906,destornillador_chico_plano,val
0.034658354,0.8276317,1.0210872,destornillador_chico_plano,val
0.0719359,-0.96320105,-2.5255477,destornillador_chico_plano,train
0.10167055,1.1717699,-0.6011161,destornillador_chico_plano,train
0.5925909,-0.48438948,0.93136746,destornillador_chico_plano,train
0.25545433,-1.2980317,-1.6709257,destornillador_chico_plano,val
1.4513848,-1.0784023,1.1483104,destornillador_chico_plano,train
-0.058655154,0.28069255,0.30592015,destornillador_chico_plano,train
-0.054311957,-0.10144691,-0.4752119,destornillador_chico_plano,train
1.103249,1.0657886,1.1841915,destornillador_chico_plano,train
1.18255,1.3297148,-0.47031096,destornillador_chico_plano,val
0.9928442,2.0557544,-0.65264356,destornillador_chico_plano,test
0.052584857,0.93687284,-0.27874058,destornillador_chico_plano,val
0.51098955,1.7503217,-0.99051327,destornillador_chico_plano,train
-0.4643702,-0.4640624,1.694717,destornillador_chico_plano,test
1.3244281,1.614765,0.91460615,destornillador_chico_plano,val
-0.18800022,-0.33121398,0.69097346,destornillador_chico_plano,test
0.3728575,-0.47437242,1.4891212,destornillador_chico_plano,train
-0.34098035,0.42200565,1.4862814,destornillador_chico_plano,train
-0.18718351,0.9721373,-1.4107941,destornillador_chico_plano,train
-0.552562,-0.31214315,1.4815576,destornillador_chico_plano,val
1.1722342,0.2817935,1.3253767,destornillador_chico_plano,test
-0.6241987,-0.06630788,-1.819887,destornillador_chico_plano,train
0.21116517,0.34440878,-0.67811054,destornillador_chico_plano,test
0.22100602,-0.7691437,0.54863477,destornillador_chico_plano,train
-1.1309717,-0.34773594,-2.9387903,destornillador_chico_plano,test
0.059910774,-0.14649074,0.8505983,destornillador_chico_plano,train
0.97326493,-0.0661348,0.7176441,destornillador_chico_plano,train
0.2597749,-1.4648077,-1.9390788,destornillador_chico_plano,test
1.5501442,0.47152176,0.39434004,destornillador_chico_plano,train
-0.07818108,-0.51169044,0.12793747,destornillador_chico_plano,train
-0.27782443,-0.16382244,-0.29737413,destornillador_chico_plano,train
1.7705507,-0.0782151,1.0897664,destornillador_chico_plano,val
1.4949032,0.16689023,-0.03418536,destornillador_chico_plano,val
0.6685439,1.0700388,0.39172828,destornillador_chico_plano,train
-0.11271091,-0.8683636,-0.62952155,destornillador_chico_plano,train
-0.69810706,-0.74487776,0.39763525,destornillador_chico_plano,train
-0.60045403,1.1979208,-1.0843896,destornillador_chico_plano,train
1.0234402,0.29819757,1.1564921,destornillador_chico_plano,train
1.4465734,1.0071071,0.18936843,destornillador_chico_plano,train
0.2398443,1.6343087,-0.8270172,destornillador_chico_plano,train
0.88647044,0.811707,0.2301064,destornillador_chico_plano,train
0.53338784,-0.2733235,-0.5574428,destornillador_chico_plano,train
0.45527613,-1.3584151,-0.2119598,destornillador_chico_plano,train
-0.0075020725,-0.12781201,-2.0804014,destornillador_chico_plano,train
0.86222345,-0.8327073,0.05185468,destornillador_chico_plano,train
0.2287526,2.2240498,-0.21889372,destornillador_chico_plano,train
-0.9477848,-0.5083922,-3.2627387,destornillador_chico_plano,test
-0.21638845,-0.57571894,0.34370154,destornillador_chico_plano,train
0.65514004,-1.5533302,1.9115841,destornillador_chico_plano,train
0.10754183,-1.3195469,0.03194584,destornillador_chico_plano,train
-0.851358,-2.493726,-0.43038264,destornillador_chico_plano,val
-0.020278944,2.2628522,-2.1350777,destornillador_chico_plano,train
0.6047719,-0.6976855,-0.051587522,destornillador_chico_plano,train
-0.043142475,-0.6782776,0.9356476,destornillador_chico_plano,train
1.1685196,1.4022604,-0.54758245,destornillador_chico_plano,train
0.7227093,0.04435269,-0.15270019,destornillador_chico_plano,train
-0.12324242,1.5480361,0.055297747,destornillador_chico_plano,train
-0.47846156,0.46388164,-1.6589208,destornillador_chico_plano,val
-0.15206292,0.37156874,-0.7866454,destornillador_chico_plano,train
-0.977712,-0.9313895,-0.19213113,destornillador_chico_plano,train
0.9001658,1.3604896,0.51014346,destornillador_chico_plano,train
0.1845764,-0.70437485,-0.16594642,destornillador_chico_plano,train
0.50330126,1.3455172,0.2747834,destornillador_chico_plano,train
0.9390432,0.47484285,1.2237605,destornillador_chico_plano,train
-0.08634592,0.08940742,0.09872904,destornillador_chico_plano,train
-0.0871356,0.05473938,0.809088,destornillador_chico_plano,train
0.32538885,-0.5970241,-1.0482888,destornillador_chico_plano,train
-0.17805277,0.4197681,0.33952698,destornillador_chico_plano,train
-0.57662445,-1.6809278,0.2458168,destornillador_chico_plano,train
-0.021859318,-0.011508234,-0.5761679,destornillador_chico_plano,train
0.7351361,0.097675666,1.0154955,destornillador_chico_plano,train
1.4543589,0.25992247,-0.61106986,destornillador_chico_plano,train
-0.206711,-0.93752235,-1.8051467,destornillador_chico_plano,train
0.52770495,0.8809103,0.50980514,destornillador_chico_plano,train
-0.011515314,-1.0281569,0.5320869,destornillador_chico_plano,train
0.35209045,-0.24788278,-0.24929588,destornillador_chico_plano,train
0.24683176,0.96709543,0.15212563,destornillador_chico_plano,train
-0.5385832,0.15611213,0.19378373,destornillador_chico_plano,train
0.37324727,1.2820526,-0.20934412,destornillador_chico_plano,train
0.93392485,1.7624227,0.5613162,destornillador_chico_plano,test
-1.9546837,0.20878236,-0.70374966,destornillador_chico_plano,train
0.90087146,2.0942943,2.3222399,destornillador_chico_plano,val
0.07180994,1.2872279,2.335326,destornillador_chico_plano,train
-0.11363416,2.7000613,1.5383884,destornillador_chico_plano,test
0.76776016,0.68056214,1.9125634,destornillador_chico_plano,test
-0.5268461,0.024909196,-1.0229194,destornillador_chico_plano,train
1.1003693,0.9603935,1.385674,destornillador_chico_plano,train
0.1784382,0.0790638,-1.7129563,destornillador_chico_plano,train
0.30534822,1.2134389,-0.2128469,destornillador_chico_plano,train
1.2721645,0.3373428,0.3137985,destornillador_chico_plano,train
0.8942062,-0.12270608,0.4629618,destornillador_chico_plano,train
-0.57979393,-0.8979143,0.22873792,destornillador_chico_plano,train
-1.6796306,3.4547353,-0.2155164,destornillador_chico_plano,val
-0.2134885,-0.5336496,-0.45646864,destornillador_chico_plano,val
-1.5873003,1.6748683,-0.5270679,destornillador_chico_plano,train
0.2418349,-1.0861666,1.1156011,destornillador_chico_plano,train
-0.4880452,0.078548,-0.1702183,destornillador_chico_plano,train
-0.048095107,-0.09421242,-0.84838414,destornillador_chico_plano,train
0.6634292,-0.24824157,0.29074958,destornillador_chico_plano,train
0.6003163,-1.7079828,-0.2965595,destornillador_chico_plano,train
-1.0503697,-0.19809535,-2.6965833,destornillador_chico_plano,test
-0.40268523,-0.45359045,-0.5749139,destornillador_chico_plano,train
0.05867714,-1.4250034,0.51231456,destornillador_chico_plano,train
-1.2007607,-0.69081384,1.30666,destornillador_chico_plano,train
-1.0876905,0.21573114,-0.13231893,destornillador_chico_plano,val
-1.4056284,0.7109216,1.0160586,destornillador_chico_plano,val
0.65590835,1.0199999,-0.18477242,destornillador_chico_plano,val
0.49788457,-0.2882361,-0.28738147,destornillador_chico_plano,train
-0.6914148,-1.5145997,0.15457141,destornillador_chico_plano,train
0.60946107,0.795368,-0.23199213,destornillador_chico_plano,test
0.5593869,1.446928,-0.15497339,destornillador_chico_plano,train
0.16308232,0.6814302,0.68388915,destornillador_chico_plano,val
0.23039997,-0.7035515,1.1223767,destornillador_chico_plano,test
-3.5788798,-0.050706074,0.3912742,destornillador_chico_plano,test
-0.31130975,-1.1905386,-0.26994643,destornillador_chico_plano,val
0.5014181,1.1247216,0.30449957,destornillador_chico_plano,test
-0.8167188,0.7520928,0.027435053,destornillador_chico_plano,train
0.5047557,-0.41955358,-0.58844984,destornillador_chico_plano,train
-0.23160161,-0.317939,-2.4804094,destornillador_chico_plano,train
2.8509173,2.9081483,2.0930865,destornillador_chico_plano,test
1.7341431,0.65931654,0.69661134,destornillador_chico_plano,train
1.4647411,1.1508133,-0.5378328,destornillador_chico_plano,train
-0.42632574,-0.5188267,-0.1782866,destornillador_chico_plano,train
1.5036296,0.3245989,0.098388575,destornillador_chico_plano,train
-1.729003,0.64968663,-0.6811294,destornillador_chico_plano,train
-0.6082883,1.1933603,-0.9488452,destornillador_chico_plano,test
-1.1345127,0.10254703,-3.0717866,destornillador_chico_plano,test
0.79165655,2.0491698,-1.1853408,destornillador_chico_plano,test
-0.044919528,0.45055187,-0.96972954,destornillador_chico_plano,train
0.8141528,1.1502719,0.38881552,destornillador_chico_plano,train
1.5197984,6.0772,-6.4337134,destornillador_chico_plano,test
-1.4625051,-0.9643009,1.3156548,destornillador_chico_plano,train
1.3563062,-0.016182272,0.85739166,destornillador_chico_plano,test
2.2091389,-0.8311664,1.5904546,destornillador_chico_plano,train
0.52184695,0.6521297,-0.26630753,destornillador_chico_plano,train
-0.8497509,-0.23124978,-0.5599894,destornillador_chico_plano,train
1.2825015,-0.48164725,1.0342919,destornillador_chico_plano,train
-1.24054,-0.14267139,-0.38689688,destornillador_chico_plano,train
-0.7860017,0.63518924,-1.5972186,destornillador_chico_plano,val
0.2362419,1.7771641,1.6271359,destornillador_chico_plano,test
0.6653756,0.16297543,0.37871414,destornillador_chico_plano,val
1.5720658,0.9607257,0.7367261,destornillador_chico_plano,train
-0.079977475,1.3569689,0.87681913,destornillador_chico_plano,train
-0.29347497,-0.51976824,-0.69630474,destornillador_chico_plano,train
0.68055314,0.61038023,0.3282842,destornillador_chico_plano,train
-0.24165356,0.3844479,0.11306345,destornillador_chico_plano,train
-0.10094274,-0.09348238,-0.21996853,destornillador_chico_plano,train
-0.38687152,0.2863048,1.1680552,destornillador_chico_plano,train
0.34079564,0.29629743,1.1862494,destornillador_chico_plano,train
-1.0749315,-0.1572602,-1.0578074,destornillador_chico_plano,train
1.2919517,-0.73136747,1.4652967,destornillador_chico_plano,val
-1.30191,0.9863689,1.3003148,destornillador_chico_plano,test
0.9575081,0.3903762,-0.33436984,destornillador_chico_plano,train
-0.38254598,2.0189419,0.3692241,destornillador_chico_plano,train
-0.8127628,1.4313369,-0.58819103,destornillador_chico_plano,train
0.43952003,-2.3681364,-0.36190656,destornillador_chico_plano,train
-0.11799668,-0.82693446,-2.0284595,destornillador_chico_plano,val
0.007629144,-0.5101573,0.57233673,destornillador_chico_plano,test
1.4259175,-0.636304,0.37224334,destornillador_chico_plano,val
0.266281,-1.2922243,-1.0929933,destornillador_chico_plano,train
-1.2914209,2.8608456,0.033831038,destornillador_chico_plano,test
0.14550962,0.90371245,0.3646159,destornillador_chico_plano,train
0.093663424,0.3760178,1.2263889,destornillador_chico_plano,train
-2.079631,1.327537,0.7021663,destornillador_chico_plano,val
0.9884862,0.711881,0.60271263,destornillador_chico_plano,test
0.5826636,-0.122885115,0.19462779,destornillador_chico_plano,val
0.21968415,-0.6339928,1.276001,destornillador_chico_plano,train
-0.42986608,1.5319645,-1.2081913,destornillador_chico_plano,val
1.1116452,-2.5584495,0.28430635,destornillador_chico_plano,test
-0.30982792,1.8243364,0.1322005,destornillador_chico_plano,train
1.1776694,1.0442045,1.4248674,destornillador_chico_plano,train
-0.09819179,-0.15748677,-1.4452213,destornillador_chico_plano,train
0.050354782,-0.7777911,0.956858,destornillador_chico_plano,train
0.3848,1.2289104,-0.45865867,destornillador_chico_plano,train
-0.41926932,0.18268514,-1.3341544,destornillador_chico_plano,train
0.3278491,-0.15362115,0.96393543,llave_chica_mixta,test
-0.36195302,1.580384,-1.4020898,llave_chica_mixta,val
-1.5587801,0.077787645,0.5599982,llave_chica_mixta,test
-0.88178134,1.7180358,0.37644276,llave_chica_mixta,train
0.6205133,2.4753644,1.1800789,llave_chica_mixta,train
0.51058906,0.59550434,0.29178926,llave_chica_mixta,train
2.311403,-0.60834235,0.009911685,llave_chica_mixta,test
-1.2351279,-0.7124412,-0.3131776,llave_chica_mixta,test
0.59998685,0.25406864,1.3061688,llave_chica_mixta,train
1.1821141,-0.89111364,1.2230589,llave_chica_mixta,val
0.510474,0.56712633,-0.290438,llave_chica_mixta,train
0.25268754,2.0325997,0.49003714,llave_chica_mixta,val
0.6398349,2.2330198,0.039323345,llave_chica_mixta,val
-0.0664736,0.46993992,0.17585848,llave_chica_mixta,test
0.51313144,-1.4815673,-0.5255968,llave_chica_mixta,test
2.0226095,-0.5752826,2.1300738,llave_chica_mixta,train
1.1568625,-0.29951546,0.27107802,llave_chica_mixta,val
0.90247875,0.105030134,0.54131097,llave_chica_mixta,test
-0.41373438,0.8368012,-0.09796694,llave_chica_mixta,train
-0.12379622,-0.59734976,-0.98208004,llave_chica_mixta,val
-0.10078073,0.5443583,0.40530694,llave_chica_mixta,train
0.107826024,-0.033593442,-0.0149782915,llave_chica_mixta,train
1.7183546,0.047682673,0.21907951,llave_chica_mixta,train
0.29911038,-0.1858192,-0.536652,llave_chica_mixta,train
-0.3212933,0.1328187,0.1609137,llave_chica_mixta,train
-0.25789434,0.91887987,-0.84051204,llave_chica_mixta,test
-1.5921257,-1.0019481,-2.02267,llave_chica_mixta,val
-2.187473,-0.8771183,-1.5860457,llave_chica_mixta,test
-0.036176916,-0.5140703,1.4907626,llave_chica_mixta,train
0.29622135,0.13250393,-0.6758592,llave_chica_mixta,train
-0.60637873,0.7433861,-0.26178417,llave_chica_mixta,train
0.7147878,0.03144876,0.31929934,llave_chica_mixta,val
-0.06744626,1.4290807,-0.3064082,llave_chica_mixta,train
-1.5967605,0.31831977,0.18981896,llave_chica_mixta,val
0.12317415,0.6980198,0.40495512,llave_chica_mixta,train
0.3743643,0.35265896,-0.6748767,llave_chica_mixta,test
-0.37899008,0.9082342,-1.0752718,llave_chica_mixta,train
-1.7998099,-1.5379463,-2.3930054,llave_chica_mixta,test
0.6306147,2.4298484,-0.031954158,llave_chica_mixta,train
-0.32087246,1.0029001,-0.020139888,llave_chica_mixta,train
0.24309608,0.4100541,0.72259635,llave_chica_mixta,train
-1.1469584,0.08280435,-0.630663,llave_chica_mixta,val
-1.5626981,1.5396255,0.8874811,llave_chica_mixta,train
0.029955463,0.7462174,0.3386567,llave_chica_mixta,train
1.6695869,0.49128318,-0.022703543,llave_chica_mixta,train
-0.24597664,0.35503483,-0.47072318,llave_chica_mixta,val
1.3243009,0.3398291,-0.05917688,llave_chica_mixta,test
0.08035873,-0.29777503,-0.38633537,llave_chica_mixta,train
0.89507854,0.47564706,-0.02383405,llave_chica_mixta,train
-0.30499256,-1.3469348,0.98289835,llave_chica_mixta,train
0.22588524,-0.33075455,-0.075097136,llave_chica_mixta,val
0.6402859,-0.80938536,-0.8031455,llave_chica_mixta,train
-0.23983616,-2.266029,-0.2461037,llave_chica_mixta,train
1.4458313,0.090682566,0.6725931,llave_chica_mixta,train
0.603347,0.031483177,0.83076763,llave_chica_mixta,train
-0.0041783424,1.9416893,0.26540494,llave_chica_mixta,test
-0.9895454,-0.34255546,0.39316848,llave_chica_mixta,train
0.6808829,1.0841664,-0.5354047,llave_chica_mixta,train
0.32198763,0.27931842,-1.235347,llave_chica_mixta,train
-0.5446835,-1.6631773,1.0132356,llave_chica_mixta,train
-0.69007385,0.597302,0.11936947,llave_chica_mixta,train
-0.012684763,-1.429912,0.28054786,llave_chica_mixta,train
1.2810729,-0.6480894,-0.4271235,llave_chica_mixta,train
0.55310357,0.2052958,0.11334112,llave_chica_mixta,train
0.5849443,0.12666082,-0.43378893,llave_chica_mixta,train
0.17612447,-0.4303574,0.66355556,llave_chica_mixta,train
-0.021971196,0.2995022,0.073449634,llave_chica_mixta,train
0.8096803,0.024113642,0.31155097,llave_chica_mixta,train
0.13996609,1.1975888,-0.47777003,llave_chica_mixta,train
0.64321476,-1.3176858,1.7984315,llave_chica_mixta,val
0.121259525,1.4941161,0.5372917,llave_chica_mixta,val
0.9773606,0.5656093,0.087218225,llave_chica_mixta,train
-0.22369197,1.4749546,-1.6443827,llave_chica_mixta,train
0.46430632,0.43746123,-0.8751217,llave_chica_mixta,val
-0.4655118,0.05597698,0.30348742,llave_chica_mixta,train
-0.24784057,0.3780166,0.9774168,llave_chica_mixta,train
0.66730785,-0.31805906,-0.22623341,llave_chica_mixta,train
1.2416428,0.2793804,0.46250138,llave_chica_mixta,test
-0.5194011,1.0979844,-1.8277487,llave_chica_mixta,train
-0.90165323,0.2939307,0.8799124,llave_chica_mixta,train
-1.2979175,-0.5880268,-0.90995216,llave_chica_mixta,train
0.29904518,-0.075132065,1.1089345,llave_chica_mixta,train
-0.5095399,-0.57274467,-0.400643,llave_chica_mixta,train
-0.1388409,1.1574333,0.39962152,llave_chica_mixta,train
1.2777978,-0.7322228,-1.1945533,llave_chica_mixta,val
0.29877892,0.2214123,0.7798408,llave_chica_mixta,train
0.3628348,0.8909112,0.60586774,llave_chica_mixta,train
-0.1096036,0.07039936,0.3016607,llave_chica_mixta,train
0.23864837,0.34525937,-0.19307403,llave_chica_mixta,train
0.4470084,0.30057427,0.63411194,llave_chica_mixta,train
0.03657315,-0.35286403,0.6980599,llave_chica_mixta,train
0.1993942,0.42466307,0.46000826,llave_chica_mixta,val
0.08710923,-0.054881413,0.03533482,llave_chica_mixta,train
-0.10929129,-0.14375225,-0.1982611,llave_chica_mixta,train
0.9176687,0.35811582,0.19524707,llave_chica_mixta,train
0.3315373,-0.15937601,-0.8227594,llave_chica_mixta,train
0.47991917,-0.47099334,0.19395135,llave_chica_mixta,train
0.056301154,0.8693865,0.2958359,llave_chica_mixta,train
0.40158248,-0.79834205,-1.0757601,llave_chica_mixta,test
0.79838014,-0.2306567,1.4940256,llave_chica_mixta,train
-0.37534142,-0.40445855,0.4219267,llave_chica_mixta,train
0.6778845,1.138819,-1.0027806,llave_chica_mixta,train
0.4268505,1.1137577,-0.4361004,llave_chica_mixta,val
-1.263905,-1.9775053,0.056951795,llave_chica_mixta,val
-0.28361607,-1.0933143,1.2293937,llave_chica_mixta,train
0.1611132,-0.12676501,-0.04792838,llave_chica_mixta,train
-0.20746382,-0.5526061,-0.17237428,llave_chica_mixta,test
0.06364074,-0.47292662,0.066542774,llave_chica_mixta,train
-1.0518962,-0.73253214,1.0340079,llave_chica_mixta,test
-1.9036154,-1.1892172,1.7491808,llave_chica_mixta,train
0.36405188,0.7200606,0.42902598,llave_chica_mixta,test
0.32129112,-0.1608931,0.4587086,llave_chica_mixta,train
-0.17429133,0.13695155,2.0639236,llave_chica_mixta,test
0.08625213,-2.1056836,1.425932,llave_chica_mixta,val
-1.2982442,-1.5905942,1.6041527,llave_chica_mixta,test
0.636443,-0.7405887,0.66352683,llave_chica_mixta,train
0.3449399,0.35501772,-0.67812896,llave_chica_mixta,train
-1.3129354,0.15429647,-1.0106887,llave_chica_mixta,train
0.66230106,1.2427319,-0.6231158,llave_chica_mixta,test
0.32384622,-0.084420465,-0.51511246,llave_chica_mixta,val
0.05879274,0.04054915,-0.42001313,llave_chica_mixta,train
-0.3448076,0.39785656,0.29693994,llave_chica_mixta,train
-0.12900901,1.7337444,-0.68293464,llave_chica_mixta,train
0.5263935,1.7630788,-0.5226608,llave_chica_mixta,train
0.75938725,-0.49089897,-0.50408566,llave_chica_mixta,train
-0.004908173,-0.9122929,0.23370178,llave_chica_mixta,train
0.023028249,0.69805056,0.042181835,llave_chica_mixta,test
-0.0076558753,-0.3363057,0.89095795,llave_chica_mixta,train
0.7389323,0.025123943,0.71241,llave_chica_mixta,train
1.348525,0.22184157,1.3019544,llave_chica_mixta,test
-0.29638258,0.3668608,0.08452902,llave_chica_mixta,train
-1.5576416,-1.4815285,-0.14505701,llave_chica_mixta,train
0.06241517,-0.44194052,-0.5520276,llave_chica_mixta,train
0.2704811,-0.20123675,-1.734189,llave_chica_mixta,train
-0.10343358,-1.6700528,0.63025284,llave_chica_mixta,train
1.5958265,0.4950053,0.044839926,llave_chica_mixta,train
0.71331185,0.727105,1.4691627,llave_chica_mixta,train
2.4967217,0.24203384,-0.88187623,llave_chica_mixta,val
0.14160648,-0.12790965,0.33359584,llave_chica_mixta,train
-0.2874791,-0.35623184,-0.43609652,llave_chica_mixta,train
0.33738875,0.30629265,-0.03581297,llave_chica_mixta,train
0.5675825,-0.12940279,-0.3648509,llave_chica_mixta,train
-0.41276458,-0.79674613,0.94342804,llave_chica_mixta,train
-0.31895697,0.070439056,0.2445509,llave_chica_mixta,train
0.057892,0.08416854,-0.3093837,llave_chica_mixta,train
0.8177028,-1.8273726,0.5841688,llave_chica_mixta,train
-0.53818405,-1.868824,1.4429364,llave_chica_mixta,val
-0.17010988,0.15759152,-0.2880993,llave_chica_mixta,val
1.7383908,1.5629634,-1.2501922,llave_chica_mixta,val
-0.04569415,0.059586525,0.7512683,llave_chica_mixta,train
1.388173,0.48579326,0.47508547,llave_chica_mixta,test
0.3101077,-0.5551414,0.7542576,llave_chica_mixta,train
-0.10324879,-0.7406712,0.7226491,llave_chica_mixta,train
0.053680304,0.8984281,-0.5337087,llave_chica_mixta,test
1.1314131,-0.54622173,0.24955338,llave_chica_mixta,val
-0.69404835,-1.5426722,0.20601356,llave_chica_mixta,val
-0.79270315,-0.012415695,-1.6374719,llave_chica_mixta,train
-0.31373143,-0.26227757,-0.30473006,llave_chica_mixta,train
-1.105928,-1.0938965,-0.0784895,llave_chica_mixta,train
-0.038390454,0.6521167,-0.025782183,llave_chica_mixta,val
0.4087444,-0.20875917,-0.34106848,llave_chica_mixta,train
0.26861677,0.20637494,-0.6574768,llave_chica_mixta,train
0.11469276,-0.30334532,-0.09116696,llave_chica_mixta,train
-0.15588644,0.4570031,-0.43746892,llave_chica_mixta,train
-0.07846298,0.42683122,-0.45997646,llave_chica_mixta,train
1.4378874,-0.5556942,-0.1342258,llave_chica_mixta,train
0.31759998,0.71989983,-0.02216031,llave_chica_mixta,train
1.059175,-0.9374291,0.3915998,llave_chica_mixta,train
-0.22334902,-0.23344626,-0.23491746,llave_chica_mixta,train
0.486362,0.26796415,0.26116055,llave_chica_mixta,train
0.015119871,-0.3574503,0.57690316,llave_chica_mixta,train
0.45050073,-1.4755393,-0.12189218,llave_chica_mixta,val
-0.91445285,-1.480686,-1.034694,llave_chica_mixta,train
0.14456455,-1.0093904,0.10193147,llave_chica_mixta,train
0.19309206,0.87692034,-0.09167061,llave_chica_mixta,train
-0.7715372,-0.41054636,0.19331728,llave_chica_mixta,train
-0.52668726,-1.8721359,0.63229334,llave_chica_mixta,val
1.3044218,-2.107267,0.5910042,llave_chica_mixta,train
-1.413045,1.8096195,-1.5938126,llave_chica_mixta,val
-0.3990212,0.53818786,-1.0223184,llave_chica_mixta,test
0.34702298,0.5995326,0.94294167,llave_chica_mixta,train
-0.25257784,-0.7768031,-0.8534579,llave_chica_mixta,train
-0.334601,-0.3840061,0.057907626,llave_chica_mixta,train
1.2010463,-0.014531534,0.29184243,llave_chica_mixta,train
0.54815775,0.22573975,0.19840194,llave_chica_mixta,train
-0.5125717,-1.1644793,0.0049594576,llave_chica_mixta,train
0.166632,0.9572983,-0.32888496,llave_chica_mixta,test
-1.9002105,-0.20941757,-1.0479894,llave_chica_mixta,train
1.0698235,-1.1124916,-0.5505699,llave_chica_mixta,train
-0.150725,1.019044,-0.69078726,llave_chica_mixta,train
-0.2997873,-0.060760375,-0.25168058,llave_chica_mixta,val
0.9123376,0.26504192,0.46123102,llave_chica_mixta,test
-0.23677284,0.42944983,1.2807486,llave_chica_mixta,train
-0.24116513,0.8030747,-0.46271855,llave_chica_mixta,train
0.012324683,0.5546736,0.726323,llave_chica_mixta,train
-1.725298,0.36519998,-0.5729342,llave_chica_mixta,val
0.5175763,0.238806,-0.052092925,llave_chica_mixta,train
0.42988253,-0.03611551,0.7599609,llave_chica_mixta,train
-0.21835592,-0.29514465,-0.70822394,llave_chica_mixta,train
-0.701018,0.18432508,-1.6383437,llave_chica_mixta,train
-0.6402383,0.18859679,0.07233478,llave_chica_mixta,train
0.040541716,-0.7078475,0.044335593,llave_chica_mixta,train
0.6635482,-0.23398855,0.99400276,llave_chica_mixta,train
-0.22194314,-0.98882693,-0.19573827,llave_chica_mixta,train
0.21778089,1.4870048,-0.060958102,llave_chica_mixta,train
-0.8188084,-0.34602246,-1.7993902,llave_chica_mixta,train
0.50727177,1.4963276,1.1761739,llave_chica_mixta,test
0.87499124,-1.2118775,-0.59620976,llave_chica_mixta,train
0.97060704,-0.33599555,0.5775562,llave_chica_mixta,train
0.13492928,1.7592349,0.341069,llave_chica_mixta,val
1.0260541,-0.8386589,0.99838024,llave_chica_mixta,train
0.22700003,-0.10994708,-0.980557,llave_chica_mixta,val
0.34613052,0.27455732,0.21031164,llave_chica_mixta,train
0.666395,0.20044553,-0.8303611,llave_chica_mixta,test
-0.4302417,-1.0847028,0.44677284,llave_chica_mixta,test
1.295575,0.2401071,1.43741,llave_chica_mixta,test
0.7969213,0.31671304,0.8675105,llave_chica_mixta,train
-0.5742251,-1.2074759,-0.16686423,llave_chica_mixta,test
-0.85745084,-0.2620583,-0.39610434,llave_chica_mixta,train
1.2552011,0.89389807,0.6108896,llave_chica_mixta,train
0.15126237,-0.7695141,0.61392784,llave_chica_mixta,train
0.0136734685,-1.1775969,1.0709746,llave_chica_mixta,train
-0.4667155,-0.21293548,0.18579923,llave_chica_mixta,train
-0.5645881,0.35154653,0.106975906,llave_chica_mixta,train
-0.081128776,-0.64193255,1.319698,llave_chica_mixta,train
0.2684615,-2.4246604,-0.08211708,llave_chica_mixta,train
0.47075254,0.55556256,-0.005259159,llave_chica_mixta,train
-0.3920195,0.50779706,0.0043483647,llave_chica_mixta,test
-0.1167678,-0.9763254,0.23011202,llave_chica_mixta,test
1.5800276,-0.3366159,-0.26325038,llave_chica_mixta,test
0.03646055,-0.18514954,0.4962535,llave_chica_mixta,train
-1.2565696,1.3438575,0.5586619,llave_chica_mixta,test
0.7069236,-0.27059698,-0.6963857,llave_chica_mixta,train
-0.30437827,1.0671728,-0.6290214,llave_chica_mixta,train
0.59599775,-0.09184954,0.25683218,llave_chica_mixta,train
-0.53150696,-0.65626615,0.7612915,llave_chica_mixta,train
-1.3052696,0.53093785,0.5613254,llave_chica_mixta,train
0.34216326,1.762703,-0.13643299,llave_chica_mixta,val
0.6924008,-0.25130862,-0.20327456,llave_chica_mixta,train
0.09457085,0.6368925,0.18794106,llave_chica_mixta,train
-0.07090381,-0.06517128,0.3184042,llave_chica_mixta,train
0.2793819,1.3611935,-1.0179317,llave_chica_mixta,train
-1.1046203,1.4725848,1.318239,llave_regulable,train
1.9502017,-1.2820531,0.14186358,llave_regulable,train
0.004076723,-1.3755709,1.4622746,llave_regulable,val
-0.17893675,0.6047719,0.253563,llave_regulable,train
2.2801423,0.22238044,1.0822065,llave_regulable,val
0.9693947,-0.33948556,1.4192939,llave_regulable,train
0.6844939,0.614321,0.6593237,llave_regulable,train
-4.1399274,2.8969996,3.7508662,llave_regulable,val
0.23792474,0.66523594,0.14957602,llave_regulable,train
-2.2232623,1.72317,2.5095391,llave_regulable,val
1.3215476,0.3245742,1.4301937,llave_regulable,test
-0.32007658,-2.0617845,0.17460072,llave_regulable,train
-1.5412077,1.0420194,0.58030224,llave_regulable,train
-0.4178308,-0.22533819,-0.222729,llave_regulable,train
0.07898244,-0.21167155,1.1662947,llave_regulable,val
0.10800896,1.6935464,-0.37545198,llave_regulable,train
0.21149814,-0.57283276,-1.8497974,llave_regulable,train
0.9936581,0.4072588,-0.26443106,llave_regulable,train
-0.21672384,0.13609858,-0.02896301,llave_regulable,train
0.19990689,-0.20432495,0.83476156,llave_regulable,train
-2.530767,0.72000617,2.5146906,llave_regulable,train
-0.36061025,0.35840884,0.21459053,llave_regulable,train
0.54179555,-1.0248009,0.45428655,llave_regulable,test
0.6137904,0.35307547,1.3417461,llave_regulable,train
-0.009252746,0.4460787,1.0258348,llave_regulable,train
-1.5035269,-0.36688614,-0.2486949,llave_regulable,test
-0.09131834,1.2956681,1.1591896,llave_regulable,test
0.20989999,1.216112,0.9681887,llave_regulable,train
-0.2827587,0.13182974,1.2180291,llave_regulable,train
0.27446264,1.4282401,0.78531516,llave_regulable,val
0.43065834,1.6966482,0.46988586,llave_regulable,train
-1.738142,-0.21400179,-0.042692322,llave_regulable,train
0.68514305,0.9810164,0.7065505,llave_regulable,train
-0.29148796,1.1248393,1.4019924,llave_regulable,val
-0.4878602,1.2378101,0.5412591,llave_regulable,val
0.22584441,1.1665049,0.68931335,llave_regulable,test
-0.79911876,-1.5370393,1.1554655,llave_regulable,test
-2.5615156,1.5910718,2.546154,llave_regulable,test
0.2114339,0.05147152,0.11863863,llave_regulable,train
-0.025114864,0.31488407,0.22777115,llave_regulable,train
1.3791548,-0.39912698,0.5052482,llave_regulable,train
0.6163737,-0.53031665,0.51798373,llave_regulable,train
-0.675742,-1.4916365,-0.19144705,llave_regulable,test
-0.82502925,0.70434415,0.5711452,llave_regulable,train
-0.56650114,0.588728,-0.42770204,llave_regulable,train
-0.5380699,0.5276093,-0.37626168,llave_regulable,test
-2.6207297,3.8035364,4.7413406,llave_regulable,test
1.2314839,-0.9010775,2.2425625,llave_regulable,val
0.6073489,-0.46605712,0.98145735,llave_regulable,train
-0.4021283,1.0698332,0.20707205,llave_regulable,train
-0.4680529,0.44475597,-0.47911072,llave_regulable,train
0.6229587,1.7665824,-0.79962975,llave_regulable,val
0.418772,1.0347971,-0.5104558,llave_regulable,train
0.9388048,-0.23674028,0.70044994,llave_regulable,train
-0.4658468,-1.4736199,-0.15569443,llave_regulable,train
0.61626244,0.10662645,-0.33107522,llave_regulable,train
0.98607576,1.0597514,0.5774101,llave_regulable,train
0.5352285,1.2249073,1.0608312,llave_regulable,train
-0.8366402,1.7623696,1.8870136,llave_regulable,train
-1.4928828,-1.1691979,-2.155131,llave_regulable,test
0.3727623,-0.40284958,0.032965925,llave_regulable,train
-0.2780775,-1.1052418,0.96818453,llave_regulable,train
-1.4407072,0.31535763,3.4345756,llave_regulable,val
0.13293077,1.3407412,-0.023052009,llave_regulable,train
0.14546403,1.7347573,1.3277605,llave_regulable,val
0.020458296,0.7106815,1.1468675,llave_regulable,train
-0.9719727,1.1259602,-1.35455,llave_regulable,train
-0.8750333,0.7802527,-0.9085024,llave_regulable,test
-0.2625209,0.6497193,0.031690072,llave_regulable,test
1.1130233,0.35101202,0.93853843,llave_regulable,train
-1.9701369,1.0513316,1.3375331,llave_regulable,train
0.31453127,0.64776415,0.84564435,llave_regulable,val
0.7147082,-0.0005951903,-0.16770022,llave_regulable,train
-1.0412351,-1.1358446,-0.6055779,llave_regulable,test
0.48980087,-0.16933131,0.22612613,llave_regulable,train
-0.082340665,-0.030329604,0.0356242,llave_regulable,train
-1.0565646,0.10783983,-0.35047156,llave_regulable,train
-0.5727882,0.8171829,-0.91947526,llave_regulable,train
-2.4217253,-1.0712175,0.9296998,llave_regulable,val
-0.49587423,1.2783684,-0.665687,llave_regulable,train
-0.13494308,0.9724566,0.61321735,llave_regulable,train
0.36255342,0.97246,-0.81282467,llave_regulable,train
-1.6215332,-0.6855502,-0.0996301,llave_regulable,train
-1.5022652,-0.35888174,-0.39872167,llave_regulable,train
0.14036858,-0.17361107,0.5478776,llave_regulable,train
-0.22833982,0.04730669,-0.5396988,llave_regulable,train
-0.38878274,0.011361128,-0.4884403,llave_regulable,train
-0.12080691,0.8055851,-0.40705097,llave_regulable,train
-0.22418037,-2.462179,-0.32957283,llave_regulable,val
1.4220932,-0.037710384,-0.99208033,llave_regulable,test
-0.67241836,1.3411037,1.4125166,llave_regulable,train
0.63976157,-0.65860087,1.8865248,llave_regulable,train
-0.45655343,0.14275753,1.2695112,llave_regulable,train
-0.43657508,-0.24025224,-0.7538498,llave_regulable,train
-0.19444883,1.9516047,2.9438956,llave_regulable,test
0.3419586,-0.062395032,0.13730896,llave_regulable,train
0.18027283,-0.35322994,-0.9358185,llave_regulable,train
-0.07994294,-0.59133506,-0.22091055,llave_regulable,val
0.17157026,-0.81417483,-1.1557028,llave_regulable,train
-0.6918633,-2.060354,-0.4825058,llave_regulable,test
-1.3289709,0.43193096,-0.32864317,llave_regulable,train
0.7703888,-2.2160184,-1.3685175,llave_regulable,val
-1.7414646,-0.31862488,0.3004311,llave_regulable,train
-0.65294176,-0.41927525,-1.3997475,llave_regulable,test
0.9239983,0.4207707,0.06762107,llave_regulable,train
-0.2733063,0.77992606,-1.2196698,llave_regulable,train
-1.4731956,0.87660074,0.7022934,llave_regulable,test
-0.7173137,-0.5732843,-0.36822337,llave_regulable,val
1.5014938,-1.5730416,0.0073744617,llave_regulable,train
0.37946445,-0.7328179,-0.47167262,llave_regulable,train
0.27413142,0.43425107,-1.9820198,llave_regulable,test
-0.1461282,0.033377927,1.0113469,llave_regulable,train
-0.7312127,-0.48589385,0.53772223,llave_regulable,train
0.5392839,-0.21842976,-0.39197904,llave_regulable,train
-1.4757708,-0.15134595,0.6584538,llave_regulable,test
-0.2065118,0.23029648,-0.23041205,llave_regulable,train
-0.54025674,0.5916687,-0.3696431,llave_regulable,train
0.49863568,-0.388391,-1.1841509,llave_regulable,train
-1.0827812,0.07537487,-0.77488124,llave_regulable,train
0.6330551,0.32788968,1.4949418,llave_regulable,test
-0.6271158,0.9259231,1.7556463,llave_regulable,train
-0.9338393,-0.050930876,-0.88179433,llave_regulable,train
0.37763917,-2.318843,0.225635,llave_regulable,train
1.2131062,-2.3617516,2.5082908,llave_regulable,val
0.20940073,-0.44977787,0.9123229,llave_regulable,train
-0.061027896,-0.33154738,0.87337804,llave_regulable,train
0.6214974,-0.10689057,0.517758,llave_regulable,train
-0.60617995,0.58833414,-2.4532497,llave_regulable,train
0.45496044,-1.3294976,-0.28396398,llave_regulable,train
0.5234389,0.19347933,0.7594553,llave_regulable,train
1.3625437,-2.347337,2.5961792,llave_regulable,val
-4.2424097,2.4369633,3.4752593,llave_regulable,val
-3.25983,1.9430192,3.3227146,llave_regulable,test
-0.22141482,-0.81070554,2.6706655,llave_regulable,test
-0.8869582,1.2881751,1.7025892,llave_regulable,train
0.06966444,0.017985882,0.87153006,llave_regulable,train
0.05818262,-0.2312996,-0.33469227,llave_regulable,train
0.6849623,1.1836585,-1.3133942,llave_regulable,train
-0.49272674,1.7106986,0.63108796,llave_regulable,train
0.47991413,0.3582,1.0308628,llave_regulable,test
-0.20621145,-0.5560074,0.83191615,llave_regulable,test
-0.9477996,0.89876556,1.9870201,llave_regulable,val
-0.14518717,1.8015244,0.7679252,llave_regulable,train
-0.29823968,1.5428226,0.6093673,llave_regulable,val
-0.05404799,-0.00012332489,-0.18703578,llave_regulable,train
0.3108843,-0.10016633,0.63645107,llave_regulable,train
1.7496197,-1.4697812,0.5107451,llave_regulable,val
-2.3823705,1.1059096,2.3527353,llave_regulable,test
-0.038282767,0.6893306,0.35593152,llave_regulable,train
0.81952757,-0.23771334,0.39036998,llave_regulable,train
-0.45063886,0.8843285,0.8213611,llave_regulable,train
-0.33843556,0.88139135,-0.17833173,llave_regulable,train
-0.096318185,0.961968,0.66809624,llave_regulable,train
-0.19472103,0.9390436,0.6649826,llave_regulable,train
0.22945325,-0.8861113,-0.26437685,llave_regulable,train
0.3184224,-0.6928292,-0.31441772,llave_regulable,train
-0.75163555,0.030676417,-0.19637996,llave_regulable,train
-1.2360502,-0.43347543,-1.0479891,llave_regulable,train
-0.04386803,0.28565478,0.483641,llave_regulable,train
1.4242623,-1.215685,1.5156143,llave_regulable,train
0.1326414,0.66658527,0.30604044,llave_regulable,train
-0.6255612,-0.69996494,-0.117434494,llave_regulable,train
-1.3012841,0.5588786,0.04929642,llave_regulable,train
-0.7112341,0.5019079,-0.12191049,llave_regulable,test
-0.3456601,1.2461082,-0.49168262,llave_regulable,train
-1.2686719,0.00852061,0.15408741,llave_regulable,train
0.31880993,-1.2208401,-0.9208649,llave_regulable,train
0.3776161,0.19076993,0.2556396,llave_regulable,train
0.37395868,1.1176386,0.005415036,llave_regulable,train
-0.058595024,0.80781376,0.11713302,llave_regulable,val
-1.4183927,-0.20330861,-0.8490173,llave_regulable,test
-0.8756434,0.2692406,-0.55333585,llave_regulable,val
0.9460831,-0.16052745,0.28727657,llave_regulable,train
-0.67892927,-0.6091571,0.66180784,llave_regulable,val
0.6933439,-0.5827891,0.4813662,llave_regulable,train
-0.18098655,0.22175258,0.2659768,llave_regulable,train
0.7286052,0.77083,0.19558015,llave_regulable,train
-0.27996913,0.8315806,0.803187,llave_regulable,train
0.26032323,0.7302515,0.7341414,llave_regulable,train
0.08070255,-1.1629914,0.39052603,llave_regulable,train
-0.47118095,-1.7839292,0.9210382,llave_regulable,val
1.2572476,-2.4364464,-0.34620506,llave_regulable,test
1.2551174,-2.3202393,0.4850333,llave_regulable,val
-0.007884891,0.8840506,0.033650205,llave_regulable,train
0.07253135,-0.7873554,-0.812903,llave_regulable,train
-1.4617981,1.0375137,-0.4471557,llave_regulable,train
0.12184198,-0.7676904,0.62355644,llave_regulable,train
0.09994992,-0.54228246,0.5801261,llave_regulable,train
0.38351014,0.095115446,0.18017548,llave_regulable,train
0.35699135,0.12650584,0.19083303,llave_regulable,train
-2.3824568,1.2362522,1.3174582,llave_regulable,train
0.14408544,2.134889,0.39304152,llave_regulable,test
-0.4628649,0.65466845,-0.64677936,llave_regulable,train
0.07896657,-0.5506749,-0.36482757,llave_regulable,train
0.11361115,1.0143763,1.1996428,llave_regulable,val
0.8081221,0.36557198,-0.7486879,llave_regulable,train
-0.15790983,1.5984453,-0.15481897,llave_regulable,train
-0.51431066,-0.16589417,-0.45466286,llave_regulable,train
-0.5135462,0.5219927,-1.806459,llave_regulable,train
-0.33233097,-0.5463311,1.5571964,llave_regulable,train
-0.22986321,-0.18852939,-0.25687847,llave_regulable,train
-0.6710356,0.27930024,-0.88683486,llave_regulable,train
0.7497994,-0.33332232,-1.1295419,llave_regulable,val
0.4025976,0.52363974,0.81657404,pelacables,train
-0.2699207,0.46901146,-0.33183336,pelacables,train
0.38664466,-0.55047786,-0.5018732,pelacables,train
-0.21697493,-0.6895785,1.4990412,pelacables,test
-0.9588842,0.42482254,0.5567785,pelacables,train
-0.8375041,-0.83697224,-0.003461557,pelacables,train
4.2234097,0.46392244,-0.94798046,pelacables,val
-0.029699812,-1.4560509,-1.8287838,pelacables,train
0.04392501,-2.4070008,0.22660689,pelacables,test
-0.16877383,0.098938726,-0.5243769,pelacables,train
0.44194156,-0.37259316,-1.6580132,pelacables,train
-0.020487214,-0.09085643,0.4989032,pelacables,train
-0.6162029,0.68766403,0.7244338,pelacables,train
-1.6153588,0.11932023,-0.53866357,pelacables,test
0.09253099,0.30028567,-0.18753627,pelacables,train
-0.30502683,-0.7568039,0.71122247,pelacables,train
-0.46308812,-1.9501991,0.34502316,pelacables,train
-0.42503148,0.5016335,0.6137283,pelacables,train
-0.4393333,-0.08643548,-1.7906914,pelacables,val
1.4120609,-0.3651232,1.2014899,pelacables,train
-0.26494586,0.86646837,-0.44563767,pelacables,train
-0.5853224,1.2949458,-2.647065,pelacables,test
-0.6105856,1.2428217,2.3028445,pelacables,val
-6.6297984,-2.834189,-2.298988,pelacables,test
-0.35972953,-1.8943393,-0.10765258,pelacables,test
-6.6840334,-2.4308996,-2.1015065,pelacables,val
1.4068264,1.0387423,0.5152297,pelacables,train
1.2647817,1.2178986,-0.043020375,pelacables,train
-2.270536,-0.6415881,-1.5051457,pelacables,test
-0.9686633,1.3795568,3.9742002,pelacables,train
-4.199292,2.7328007,-5.469621,pelacables,train
-0.4858888,1.565116,-0.1005677,pelacables,train
-3.7026117,-0.599825,-0.9180376,pelacables,val
-0.1815245,0.50859517,0.06919418,pelacables,train
-0.1941624,2.541319,-0.17297052,pelacables,train
0.8228194,1.6829172,-0.27333903,pelacables,train
15.660713,-4.3579106,-7.6088634,pelacables,test
15.98827,-4.7507014,-7.833013,pelacables,val
0.48006532,-0.5768041,-0.42979988,pelacables,train
0.45792627,0.05268868,0.61907923,pelacables,test
-0.69744426,3.5844417,-2.7717786,pelacables,test
0.00940382,0.24075253,-0.77049273,pelacables,test
0.053886004,0.33425203,-0.55957854,pelacables,train
-0.16303933,0.8989451,0.3594233,pelacables,train
0.8723719,0.11515997,0.56145763,pelacables,train
0.32392797,-0.3773318,-0.5643414,pelacables,train
0.55990076,0.6255968,0.048344642,pelacables,train
0.7713209,0.33826205,0.29752216,pelacables,train
-0.10789935,0.4636031,0.41112006,pelacables,train
-0.2199072,0.6209327,0.44577911,pelacables,train
-0.1288602,0.53697217,0.83142364,pelacables,train
-0.6634783,-1.8697939,-1.3214679,pelacables,train
0.8580921,0.11903445,0.66913724,pelacables,train
1.4086579,-0.6622881,1.3834728,pelacables,train
-1.180234,0.222366,0.30977,pelacables,train
0.107088074,-0.3998562,-0.3489957,pelacables,val
-0.13255633,-0.0755231,-0.0015282289,pelacables,train
-0.26149806,-0.23348284,0.37073633,pelacables,train
1.0000385,-1.7528557,0.08840504,pelacables,test
0.21042804,0.9507882,-0.106675364,pelacables,train
0.13702187,0.45940197,-0.23288344,pelacables,val
-0.17671633,0.98767716,-0.2970184,pelacables,train
0.24701655,-7.091844e-05,0.72051007,pelacables,train
0.23093341,-0.24033277,0.4396572,pelacables,train
-0.2801317,-1.5137762,-0.2096042,pelacables,train
0.08566495,-0.2430661,0.16924332,pelacables,train
-0.56892544,0.6820288,0.7906169,pelacables,train
0.5854685,-0.32223734,0.32348347,pelacables,train
-1.5760812,-0.74928,1.1016607,pelacables,val
-0.5385064,-0.39335966,-0.49276546,pelacables,test
0.30094668,-0.049053773,-1.1174103,pelacables,train
-0.18662149,-0.21922816,0.4830736,pelacables,train
-1.7956064,-0.4179135,0.36457944,pelacables,val
-2.7289765,-0.09260931,0.32562062,pelacables,train
-3.1466427,-2.8788083,0.4990096,pelacables,test
-1.3678621,0.30203974,-1.1407058,pelacables,train
2.2081475,-0.86522114,1.5457124,pelacables,train
0.86905676,-1.439669,-1.1148391,pelacables,train
0.4561668,0.42861328,-0.6077623,pelacables,train
0.6222046,0.45239645,-0.38619378,pelacables,train
0.08803835,0.38570157,0.017908582,pelacables,test
-0.008038197,-0.23641889,0.50441504,pelacables,train
-1.2144997,-0.0630842,0.0011393947,pelacables,train
0.4839843,0.109166384,0.49709284,pelacables,train
1.4101958,-0.799507,0.4117215,pelacables,test
0.9431884,0.035747834,0.87566614,pelacables,test
-0.6228649,0.19865038,-1.206056,pelacables,train
-0.26660427,-2.4727542,-1.6598219,pelacables,val
-0.8959161,0.5471233,-0.37938425,pelacables,train
1.2465473,0.6029413,-1.2986141,pelacables,val
-0.49459523,0.8305224,0.65997535,pelacables,train
-2.3299468,-0.40144965,-2.0690377,pelacables,train
-0.11730696,-0.20824692,-0.33202183,pelacables,train
0.6097512,-0.65604573,0.48546496,pelacables,train
-0.49866915,0.52562046,-0.31164804,pelacables,train
-1.1962012,-1.0142847,-1.2669265,pelacables,val
14.708299,-2.1999571,-4.470873,pelacables,train
-0.9127644,-0.06506208,-0.3098084,pelacables,test
0.89621496,1.05331,-1.0555586,pelacables,train
0.537158,-1.3293693,0.79386336,pelacables,test
0.22411804,-0.27513045,-1.3263661,pelacables,train
0.04485565,0.35931855,1.2273717,pelacables,train
-3.8078177,6.0218406,-13.072466,pelacables,test
0.8382831,-0.5842348,0.57328176,pelacables,train
0.5000169,-0.5616668,-1.0167489,pelacables,val
-0.4584266,-0.606885,0.23360553,pelacables,train
-0.16976012,-0.66082907,1.0843393,pelacables,train
-0.038731966,-0.5817535,1.159293,pelacables,test
-0.2184033,3.2409847,3.2218626,pelacables,test
-0.062944375,0.8995185,-0.14949986,pelacables,train
-0.2706007,1.0063187,-1.2967397,pelacables,train
0.17955388,2.3026137,-0.38204336,pelacables,val
-1.8889599,0.6362598,4.754514,pelacables,val
-1.8726377,0.9633606,4.638129,pelacables,test
-4.074654,6.57932,-12.206752,pelacables,test
-1.2262276,5.7872925,-9.865097,pelacables,train
0.4196067,0.3537311,-0.6952291,pelacables,train
-1.4861642,0.7903653,-1.1980884,pelacables,val
14.143697,-5.8251696,-7.593661,pelacables,train
-0.9588304,0.09149787,-2.6388543,pelacables,test
-0.32615736,0.0016180493,-0.12975217,pelacables,train
-0.27322853,-0.059018776,-0.6555706,pelacables,train
0.04288411,0.3257198,-0.39817658,pelacables,train
0.92704594,0.7738685,0.6569078,pelacables,train
-0.8644909,-0.27653864,-0.2392164,pelacables,train
-1.1491104,0.44918615,-0.7428391,pelacables,train
-0.33079833,0.6722553,0.67412084,pelacables,train
-1.957984,0.1072832,-0.30525854,pelacables,test
-5.1225314,-3.6259434,-0.49449158,pelacables,val
-4.982686,-4.241888,-0.39366883,pelacables,train
-0.36805493,-1.0269651,1.8056675,pelacables,train
-0.7550404,2.159919,-7.4901547,pelacables,val
0.78970087,-2.1678655,0.7938333,pelacables,train
0.27472305,-0.18638712,-1.9370841,pelacables,train
0.13683946,-0.020183155,-0.37344682,pelacables,train
-0.7244309,-0.7353134,0.58706295,pelacables,train
0.44718757,0.032453973,0.4488537,pelacables,train
-0.29865634,0.4485403,-0.36103502,pelacables,train
0.32278517,-0.048243165,0.10211024,pelacables,train
15.324535,-4.419985,-7.041146,pelacables,val
-0.7184125,-0.21630412,2.0959675,pelacables,train
-0.99250597,1.4445236,1.3514613,pelacables,val
15.189655,-4.215665,-5.39641,pelacables,val
-0.6027574,0.3494765,-0.1160357,pelacables,train
-0.6292693,-1.3465992,-0.22241786,pelacables,train
0.04179412,-0.697129,1.2548248,pelacables,test
-1.4028593,-2.3131175,1.5184213,pelacables,val
-0.78163534,-0.064133756,-0.23969208,pelacables,train
-0.012667478,0.44480318,1.3655046,pelacables,train
-3.5605073,5.29799,-8.371021,pelacables,val
1.0770764,0.86566633,0.2525665,pelacables,train
0.3131527,-0.5915997,0.7119093,pelacables,train
-0.022579191,1.1620812,0.123906285,pelacables,val
0.3604566,1.4161346,1.6252171,pelacables,test
-0.14710182,-0.10086491,-0.097222,pelacables,train
-0.55345005,1.0905771,1.408841,pelacables,train
0.35102576,0.65452975,0.81561244,pelacables,train
-4.8476562,6.2077723,-11.795335,pelacables,test
-2.2703822,0.13452512,-1.7757928,pelacables,val
-0.93213314,1.1619667,0.082194254,pelacables,train
-2.1301825,0.7158908,-2.3703537,pelacables,val
-0.3468994,-0.31070495,-1.3233312,pelacables,train
0.0011752542,0.72260565,0.8318943,pelacables,train
-2.0807898,-2.6122034,0.9398375,pelacables,val
0.4990828,0.52919054,0.6732505,pelacables,train
0.8215208,0.16351654,0.7928424,pelacables,train
-0.37276673,-0.28640333,-0.32052332,pelacables,train
-0.13566117,0.028868554,-0.7804552,pelacables,val
-0.4785546,0.719072,0.3591008,pelacables,train
-0.094735794,-3.1165426,1.4577037,pelacables,val
-0.9349829,-0.018048776,0.4782395,pelacables,train
-0.099466436,0.9147743,0.46599525,pelacables,train
-0.6506102,0.3346717,0.053136505,pelacables,train
0.014693742,-0.2601736,0.14722042,pelacables,train
0.42876616,0.17680229,0.56552565,pelacables,train
-0.55452013,0.020330774,-1.3742417,pelacables,train
1.4894395,-0.37589812,-0.10663623,pelacables,train
0.3902577,-0.2736631,0.90106374,pelacables,train
0.48215497,-0.42393386,-0.18758835,pelacables,train
-0.66519785,0.30928,0.050107487,pelacables,train
-0.5176996,0.35158086,0.2619912,pelacables,train
-0.05905406,1.070668,-0.076728106,pelacables,train
-1.1549541,-0.18191233,-0.12894027,pelacables,train
0.0029071646,0.7237754,-0.5727735,pelacables,train
0.48950383,-0.3686306,-0.3688537,pelacables,train
-1.1094753,-0.4432937,0.23851533,pelacables,train
-0.24397776,-0.76095843,0.39803243,pelacables,train
-1.0217019,0.29673308,-1.3103206,pelacables,train
-0.1644147,-0.021942789,0.13526784,pelacables,train
0.64558065,0.24443632,0.48205864,pelacables,train
0.03220495,0.89908445,-0.16064413,pelacables,train
-0.01590394,0.2934542,0.25505665,pelacables,train
0.12601268,0.77881926,0.91832906,pelacables,train
0.36772254,0.8497528,-0.018207027,pelacables,train
0.3235537,-0.5558523,0.30538252,pelacables,test
-0.16384766,0.47240263,-0.057049375,pelacables,train
-0.00777468,0.0012052397,0.14116935,pelacables,train
0.585128,0.6957673,0.5867609,pelacables,train
0.9744425,-0.106633104,0.03750565,pelacables,train
0.5819129,-0.38771486,-0.7243375,pelacables,val
0.062806934,-0.2006015,-0.47778732,pelacables,train
0.7995405,-0.14898145,-0.27188644,pelacables,train
-0.049392205,-3.5606627,0.6011502,wincha,val
0.024770023,1.1096015,-0.3330549,wincha,train
0.31277287,5.173273,-4.0920315,wincha,test
1.2992822,-1.7281408,-0.7805928,wincha,train
0.87112916,0.7808619,-0.49244475,wincha,train
0.14200072,0.10726536,0.17713158,wincha,train
-0.12710565,0.4033777,-0.024924958,wincha,train
0.9078937,1.0405462,1.1168717,wincha,train
0.5389782,-0.5456055,1.7840935,wincha,train
-2.3318949,2.3785477,-3.1510673,wincha,test
-0.118066564,-1.6122476,0.5801425,wincha,train
0.2793601,-2.0625746,-0.17299241,wincha,train
0.42126277,0.5041207,-0.06589775,wincha,train
-0.08581904,-0.2484169,-0.3589606,wincha,train
-0.25574517,-0.00021948044,-0.63836807,wincha,train
1.9228535,1.5747017,1.7011379,wincha,test
0.23633221,0.002847949,-0.64286417,wincha,train
-0.7885379,2.2684846,-2.7141469,wincha,val
0.3881544,0.16261213,0.4665349,wincha,train
1.1417581,0.8870835,1.1514262,wincha,train
-1.4945067,2.147742,-4.1199775,wincha,val
-0.26783752,1.5186088,-0.664056,wincha,train
-0.6982271,3.7079782,-3.417722,wincha,train
-0.8808501,-1.2436866,-0.7919054,wincha,train
-0.2576685,0.24757402,-0.34807488,wincha,train
0.010808539,-0.17908692,-0.39052477,wincha,train
0.12215587,0.55083555,-0.0036115285,wincha,train
0.22311182,-0.27647543,0.037012402,wincha,train
-0.6279545,0.71600586,-0.31021127,wincha,train
-3.8277552,-12.485107,-2.2786026,wincha,val
1.0563434,0.2888159,1.2242284,wincha,train
0.868875,4.0909166,-3.9818974,wincha,train
0.63191456,0.9579253,0.5070461,wincha,train
0.19783105,0.92490906,1.0040994,wincha,train
1.1429446,2.6824245,0.12626745,wincha,train
6.426462,-1.6645174,2.4757926,wincha,val
0.5212754,-2.17293,-1.7333627,wincha,test
0.6877919,-1.1829386,0.7791494,wincha,train
-2.278679,3.3860543,-2.3416333,wincha,val
0.72226304,-0.84984696,1.2622491,wincha,train
1.1471878,-2.17527,0.40857393,wincha,val
-0.9269032,-0.7933945,-0.85664016,wincha,train
-2.7206988,-9.3868685,-1.2401401,wincha,val
1.1556083,2.2214413,0.10883579,wincha,train
-1.0073994,0.472527,-1.2115159,wincha,val
-0.5185257,0.20960824,-0.7014426,wincha,train
-0.3576284,0.1222893,0.5650331,wincha,train
-1.4587522,2.6042895,-0.50811327,wincha,train
-2.5578141,-9.93549,-2.6092565,wincha,test
0.22078201,-1.5474404,0.09394384,wincha,train
-0.33269027,-0.76042694,0.5161972,wincha,train
-0.6685549,-1.7067531,0.38530052,wincha,val
-0.3712235,0.031865396,-0.71764755,wincha,val
0.0117071625,0.83647263,0.6592591,wincha,train
-0.08842682,-0.060681928,1.0033708,wincha,train
-1.3269327,-7.5311537,-2.0665305,wincha,train
0.35847393,1.3853776,0.82807493,wincha,train
1.2056689,0.35331178,1.1609693,wincha,val
-0.03203305,0.03662749,0.79758346,wincha,train
-0.8417109,-0.17078336,-0.27648535,wincha,train
-0.41622835,5.627691,-5.482408,wincha,val
0.83264494,-0.55074215,-1.2359573,wincha,test
-1.0508953,-0.31175432,1.2597733,wincha,val
0.3654963,-2.050516,0.40488335,wincha,train
0.2776891,-0.64657927,-0.21372135,wincha,test
0.39540908,0.89435005,-0.34670192,wincha,train
-0.5925128,-0.14383914,-0.9800367,wincha,train
0.9144358,-1.8830069,-0.097944885,wincha,test
0.59679353,-0.20124191,-0.010618099,wincha,train
-0.5451151,0.5469404,-0.9531332,wincha,train
0.07854097,-0.6814672,0.7166756,wincha,train
1.1637628,0.40412894,-0.20756239,wincha,train
0.47442892,0.945142,0.7639735,wincha,test
0.38477674,0.99072516,0.3868074,wincha,train
0.7213494,1.0340463,-0.5254711,wincha,train
-0.30462256,-0.10040645,0.8890956,wincha,train
-0.07730766,-0.060052324,0.6050944,wincha,train
-0.74978256,-1.5665815,0.30607566,wincha,train
-0.26360178,-1.1320051,0.27146056,wincha,train
-0.5024154,-0.3534957,-0.18586665,wincha,train
-0.83963114,0.35147104,0.106197715,wincha,train
0.64481103,1.1819079,-1.1258647,wincha,train
-1.7685734,-0.75486845,2.3165896,wincha,train
-1.2595431,-0.9759995,2.504529,wincha,test
0.18167193,0.15396436,0.33080095,wincha,train
0.39791167,-0.9641558,0.10059669,wincha,train
0.42592758,-0.6694119,-2.2438602,wincha,train
0.38420585,-0.97564685,0.2352793,wincha,test
0.29474387,0.38650975,0.35024777,wincha,train
-0.4871919,-0.4992947,0.78635985,wincha,train
0.19034427,1.5611043,-1.6942972,wincha,val
-0.20933534,-0.6946736,-0.5625171,wincha,train
-0.82168937,-0.304671,-0.07775633,wincha,train
-0.28813988,0.44582212,1.7076514,wincha,train
-0.03658431,-0.36138356,-0.22377317,wincha,train
-0.55738896,0.4693528,-0.08544562,wincha,train
-1.289349,-7.093645,0.004381077,wincha,val
0.96872014,-0.7232799,-0.64586455,wincha,train
0.27933714,0.083510295,0.7862704,wincha,train
-0.10908842,-0.05161544,-1.5784137,wincha,val
-0.7623613,-0.7055903,0.97384197,wincha,train
-0.9912034,-0.48140582,0.7657284,wincha,train
-0.17461246,2.7107546,-2.5246706,wincha,test
-0.67295617,1.7250985,-1.5158015,wincha,train
-0.67410064,-0.30039328,0.9064932,wincha,train
1.4389045,0.13045889,3.3052495,wincha,val
0.32114565,-0.26439857,0.25561816,wincha,train
-0.4215355,0.030518726,-0.52785015,wincha,train
0.2636439,0.30812618,1.1002624,wincha,val
0.9090238,2.8143787,1.0360165,wincha,train
0.45695397,-0.67343897,-0.4795072,wincha,train
-0.5991572,-3.7619638,-0.22743113,wincha,train
0.7235162,0.47241485,-0.7719203,wincha,train
2.023337,-0.8604973,0.5582414,wincha,train
2.115262,0.0826234,-1.1178184,wincha,val
-0.054278072,-0.68401957,-0.10899028,wincha,train
1.0635531,0.988836,-0.35336906,wincha,train
-4.4586263,-14.486618,-2.2597272,wincha,train
0.23021732,1.0340568,-1.8116944,wincha,train
0.6109455,2.6590993,0.7126122,wincha,test
-3.070235,-7.660148,0.13591497,wincha,test
0.075967655,0.4231269,0.7580043,wincha,train
-1.2891332,0.6690901,0.2422505,wincha,val
-1.9884785,0.025991134,0.75248396,wincha,train
-0.6403677,-0.9319995,-0.08583322,wincha,train
0.4165582,0.57622033,-0.39077112,wincha,train
0.18915427,-1.4326984,-0.0403032,wincha,train
-0.17727269,-0.19516051,0.10596205,wincha,train
1.1231371,-0.17460217,-0.7487441,wincha,train
0.7949668,-1.6369689,1.5996044,wincha,train
-0.19615878,0.0025034088,0.881155,wincha,train
-0.9695392,-0.25777867,-1.5537688,wincha,train
-0.44195798,0.9343269,-0.94525737,wincha,test
0.8459766,-0.4202074,0.9933466,wincha,train
0.54066885,1.1800998,-0.023592072,wincha,train
0.6099778,0.6268066,1.1710112,wincha,train
0.14571449,-0.4078193,0.18287836,wincha,train
-2.2504282,1.1022283,-1.6033729,wincha,train
0.5055615,-0.79386646,-0.9612153,wincha,train
1.4698194,-1.1556432,0.13791145,wincha,test
-0.4258014,0.46480227,0.691903,wincha,train
-0.38654876,2.5592585,-1.6953629,wincha,test
-2.319184,-8.94397,-1.3466475,wincha,test
0.30276588,-0.27062255,0.20564605,wincha,train
0.24261114,0.24823336,-0.67024,wincha,train
-1.3435597,2.0767264,0.7599306,wincha,test
-0.16564558,1.4715376,0.6055413,wincha,train
0.33119592,-1.5558027,0.25744918,wincha,train
0.8640965,0.64280623,0.14182076,wincha,train
0.9869633,1.2816367,-0.8187508,wincha,train
-1.0175408,-0.078073956,0.22912669,wincha,train
-3.510152,-3.8811693,-1.4112128,wincha,train
-0.5417018,-6.569964,-0.079116926,wincha,test
0.5664928,-0.2897298,0.3741189,wincha,train
0.15703194,-0.38327438,0.11261603,wincha,train
-3.3565419,2.3755019,-0.60649365,wincha,val
-1.7884386,-1.0456312,1.3332584,wincha,val
-0.8058332,1.6288886,-0.44380134,wincha,test
0.37440434,0.11855004,0.65743846,wincha,train
0.48661348,1.0607982,1.0978534,wincha,val
0.06702846,0.59857696,-1.2200339,wincha,train
0.22968853,-1.7609364,1.0402082,wincha,train
-0.10875459,-1.4335909,0.15853924,wincha,train
1.3038301,0.9748601,0.6995958,wincha,train
0.8440046,0.058796618,1.1966224,wincha,val
-1.2708411,-1.7325675,0.32707334,wincha,train
1.856236,-1.0284305,0.45187992,wincha,train
0.041031756,0.086214304,-0.9983472,wincha,val
0.24382792,0.42164227,-0.27271932,wincha,train
-1.3785633,0.7515002,-1.279553,wincha,train
-0.40036455,0.30060187,0.90826297,wincha,val
-0.15667015,-0.2615243,-0.72632176,wincha,train
1.0887982,-1.0365086,-0.028453555,wincha,test
-0.4382933,-1.0917922,1.4461575,wincha,train
0.5957244,-0.0021450447,-1.7068195,wincha,train
-4.32255,-12.443803,-1.7718736,wincha,test
0.82170767,-0.7044675,-0.3189325,wincha,test
-2.1060796,0.3163437,-0.23223338,wincha,train
-0.6425648,-0.109151475,-0.7874035,wincha,train
-0.07602104,-1.7232656,-0.047253303,wincha,train
-0.3634136,-1.1023077,-0.8199073,wincha,train
0.46159807,-0.28482488,1.3104197,wincha,test
1.3354068,-0.2619496,-0.7927566,wincha,train
1.7072011,-0.37707007,-1.7455819,wincha,test
0.3591522,1.2976981,-0.15489353,wincha,test
-2.9725149,2.2586884,-1.0413144,wincha,train
-4.4055114,-11.172147,-2.598109,wincha,val
-0.077815816,0.041469008,-1.0000945,wincha,train
0.19085443,0.17548385,0.7138536,wincha,train
0.7180737,-1.8952703,-0.059014864,wincha,train
-0.6432515,-0.8075815,0.16311009,wincha,train
-0.1876288,2.3652492,-3.6096058,wincha,val
-0.4830373,0.85289127,-2.0391986,wincha,val
-0.44461882,-0.13052362,0.05661228,wincha,train
2.4801881,0.00615456,1.8811824,wincha,test
0.3751876,-1.1835217,0.026989685,wincha,test
0.5418916,-1.255631,0.81193787,wincha,val
-4.694477,-13.137209,-1.7380586,wincha,test
0.4041544,-1.1236494,0.7967387,wincha,train
0.92712545,1.5773817,-1.348464,wincha,train
0.3024408,0.28934473,-0.1000479,wincha,train
0.1774579,0.37566698,-0.24881567,wincha,train
